UniprotEntry,Hydropathy,FCR,IDR,LCR,Pscore,PLAAC,catGRANULE,Score
A0A024B7W1,0.483630344,0.227578148,0,0.032135554,1.55,-0.182,1.3524,0
A0A060ZAA1,0.414761905,0.314285714,0.307142857,0.085714286,-0.13,-0.411,0.196532,0
A0A068MVV3,0.40957265,0.215384615,1,0,#N/A,-0.234,-1.48097,0
A0A097F4I8,0.457912458,0.171717172,1,0.323232323,#N/A,-0.407,-1.53063,0
A0A0C4DGY3,0.464290429,0.207920792,0,0.053465347,1.22,-0.063,-0.000228697,0
A0A0G2JXC5,0.448008992,0.195568401,0.040462428,0.167630058,2.94,0.238,0.450679,0
A0A0H2WWV6,0.444602209,0.288032454,0,0,0.23,-0.32,1.18829,0
A0A0H2WZ38,0.441015089,0.288065844,0.090534979,0,2.84,-0.351,1.37123,0
A0A0H3GD84,0.447784079,0.224952741,0,0.028355388,-0.68,-0.164,1.06922,0
A0A0J9X1Q5,0.49703009,0.209847597,0,0.015240328,0.71,-0.159,0.644679,0
A0A0P0E482,0.438444444,0.24,0,0,-0.01,-0.344,0.847566,0
A0A0S2UQQ5,0.420380117,0.239473684,0,0,0.99,-0.297,0.537878,0
A0A109PRQ3,0.483705002,0.227578148,0,0.032135554,1.57,-0.182,1.35387,0
A0A140DLX4,0.483769922,0.228162431,0,0.032135554,1.59,-0.182,1.35049,0
A0A140GKJ0,0.416792929,0.306818182,1,0,#N/A,-0.475,-0.55374,0
A0A178W0D3,0.423080223,0.32046332,0.204633205,0.108108108,-0.56,-0.323,-0.0183937,0
A0A1B0XTC8,,0.227286006,0,0.032135554,#N/A,-0.182,1.35114,0
A0A1L1QJU3,0.444296296,0.32,0.826666667,0,#N/A,-0.831,-1.20636,0
A0A1V0E2H9,,0.226993865,0,0.032135554,#N/A,-0.182,1.34937,0
A0A1Y0DDB3,0.477851361,0.238410596,0,0,0.4,-0.396,0.159075,0
A0A220GHA5,0.385952381,0.371428571,0.114285714,0.15,-0.96,-0.372,0.79472,0
A0A2I4HXH5,0.475257299,0.206049149,0,0.043478261,1.34,-0.163,1.36378,0
A0A2V2WGW5,0.424901961,0.335294118,0.205882353,0.058823529,0.08,-0.338,1.26503,0
A0A2Z5UJ33,0.432954038,0.265060241,0.006024096,0.022088353,1.15,-0.102,0.838418,0
A0A384E149,0.4579347,0.218678815,0,0.06833713,0.94,-0.084,0.926907,0
A0A3S7WPD8,0.442330184,0.20242915,0,0,0.73,-0.035,0.239625,0
A0A452CSQ9,0.424324324,0.243243243,1,0,#N/A,-0.441,-0.484428,0
A0A504X6A3,0.474047899,0.183745583,0.070671378,0,0.04,-0.145,0.447886,0
A0A504Y5E1,0.445847953,0.242105263,0.119298246,0.087719298,0.17,-0.217,-0.0501825,0
A0A5P2U9X4,0.430344379,0.228070175,0.040935673,0.131578947,1.86,0.105,0.723563,0
A0A6L0XH39,0.47256479,0.219839142,0.104557641,0.109919571,0.99,-0.272,0.137953,0
A0L5S6,0.549229521,0.164233577,0,0,-0.97,-0.384,-0.751611,0
A0LU48,0.452794345,0.264413519,0,0.027833002,0.19,-0.219,0.301798,0
A0NLY7,0.483988171,0.212927757,0,0.060836502,0.7,-0.323,0.433968,0
A0NXQ8,0.496185286,0.226158038,0,0,1.76,-0.387,0.426258,0
A0QU63,0.426915114,0.304347826,0,0,-1.29,-0.435,0.421275,0
A0R1T8,0.519916856,0.224489796,0,0.078231293,0.51,-0.315,0.186829,0
A0R5M8,0.494669436,0.258566978,0,0,-1.05,-0.429,-0.18183,0
A0ZWU1,0.411996459,0.282868526,0.294820717,0.047808765,-0.42,-0.313,0.276608,0
A0ZZH6,0.463381834,0.238095238,0,0,0.38,-0.057,0.629422,0
A1AA28,0.483514887,0.215686275,0,0,-1.74,-0.474,-1.29236,0
A1B602,0.430982906,0.384615385,1,0,#N/A,-0.638,-0.446677,0
A1B8N7,0.49391253,0.239361702,0,0.090425532,-0.43,-0.337,-0.355296,0
A1L1Q4,0.476606754,0.230392157,0,0,0.49,-0.351,-0.0951377,0
A2RJT9,0.492318685,0.205787781,0,0.045016077,-0.35,-0.258,0.661374,0
A2VD23,0.27669023,0.466557912,0.933115824,0.538336052,4.93,-0.255,2.01093,0
A2WPN7,0.504444444,0.15862069,0,0,0.37,-0.311,1.54623,0
A3M692,0.5066961,0.165562914,0,0,-0.83,-0.347,-0.381237,0
A3MSP1,0.512130479,0.275229358,0.073394495,0.146788991,#N/A,-0.7,-0.628638,0
A3RMR8,,0.235246564,0,0.041228779,#N/A,-0.167,0.755074,0
A4C1A5,0.386,0.386666667,0.693333333,0.186666667,-1.18,-0.479,0.961375,0
A4D126,0.493643755,0.228381375,0.062084257,0,0.63,-0.207,-0.0899104,0
A4ECA9,0.487494719,0.228136882,0,0.068441065,-0.85,-0.281,0.566612,0
A4HN55,0.485083115,0.220472441,0,0,0.02,-0.277,0.0328343,0
A4HSQ5,0.443184885,0.20242915,0,0,0.57,-0.062,0.252318,0
A4HV47,0.474204947,0.183745583,0.060070671,0,0.23,-0.145,0.513505,0
A4IBS2,0.489195101,0.212598425,0,0,-0.15,-0.315,-0.00829842,0
A4IDD0,0.454124579,0.261363636,0.102272727,0.049242424,-0.91,-0.073,0.243153,0
A4IDD6,0.464422369,0.225165563,0,0,0.52,-0.222,0.226557,0
A4IDS4,0.480126468,0.24796748,0.138211382,0.081300813,-0.82,-0.3,-0.330891,0
A4L7I2,,0.235246564,0,0.041228779,#N/A,-0.167,0.754862,0
A4L7I4,,0.234842361,0,0.041228779,#N/A,-0.167,0.751889,0
A4XF23,0.47371476,0.221393035,0,0.029850746,-0.38,-0.281,0.501074,0
A4ZNR2,0.448393021,0.280991736,0.074380165,0,#N/A,-0.341,-0.934732,0
A5F384,0.492995169,0.242753623,0,0.050724638,-0.38,-0.368,0.0676615,0
A5HC98,0.460941719,0.260715864,0,0.021652673,1.13,-0.217,0.908481,0
A5JTM5,0.495704254,0.237918216,0,0.074349442,-0.62,-0.39,-0.301618,0
A5U6C6,0.519773243,0.2,0,0.048979592,-0.32,-0.359,-0.00217262,0
A6ND01,0.468666667,0.184,0,0.04,2.13,-0.312,-0.858837,0
A6NF83,0.372852234,0.319587629,1,0.360824742,#N/A,-0.309,-0.541945,0
A6Q0K5,0.475700935,0.317757009,1,0.177570093,#N/A,-0.562,-1.57807,0
A6QHR2,0.445740741,0.261904762,0,0,-0.82,-0.324,1.25638,0
A6T6J6,0.479993286,0.175226586,0,0,-0.15,-0.27,0.389405,0
A7UMX5,0.416131191,0.230923695,0.996987952,0.11746988,2.94,0.052,0.59185,0
A7UNK4,0.459338061,0.159574468,0.042553191,0,#N/A,-0.204,-0.0240948,0
A7XXC1,0.475190259,0.205479452,0,0,0.84,-0.321,-0.558363,0
A7XXC2,0.461369193,0.234718826,0,0,0.95,-0.163,0.473206,0
A8AZZ3,0.44039886,0.230769231,0.241025641,0.282051282,-1.16,0.038,0.292388,0
A8BB85,0.490471167,0.221518987,0,0,0.13,-0.042,0.514142,0
A8CDV5,0.340677966,0.220338983,1,0.449152542,#N/A,-0.067,1.69275,0
A8GG79,0.454189435,0.232240437,0,0,0.1,-0.229,0.27357,0
A8I0L8,0.415111111,0.24,1,0,#N/A,-0.448,-1.54605,0
A8KRL3,0.488172043,0.184331797,0,0,-1.06,-0.309,-0.43142,0
A8MTZ0,0.439613527,0.282608696,1,0.206521739,#N/A,-0.57,-1.36324,0
A8ULG6,0.438095238,0.239130435,0,0,0.06,-0.146,0.998064,0
A9CEQ8,0.485920047,0.23015873,0,0,0.74,-0.336,0.480312,0
A9CKY2,0.475120773,0.210144928,0,0,0.67,-0.3,0.124868,0
A9LID6,0.476155359,0.22300885,0,0.022418879,1.74,-0.191,1.29465,0
A9PCL4,0.502537723,0.240740741,0,0,-1.57,-0.53,0.404989,0
B0FRH7,0.351666667,0.416666667,1,0.183333333,#N/A,-0.428,0.507069,0
B0SR19,0.599215686,0.117647059,0.011764706,0,#N/A,-0.47,-1.94464,0
B0Y813,0.455925926,0.2625,0,0,-0.8,-0.452,-0.158487,0
B2LME8,0.450388889,0.19,0,0.0725,2.24,-0.064,1.44989,0
B3EWH0,0.428472222,0.3125,1,0,#N/A,-0.782,-1.90686,0
B3EYM8,0.464691358,0.193650794,0,0,0.46,-0.224,0.70401,0
B4Y891,0.425208428,0.19372442,0.102319236,0.008185539,3.86,-0.034,1.43452,0
B5BLW5,0.487109659,0.238562092,0,0,0.15,-0.288,0.125505,0
B6H6L7,0.483932052,0.205513784,0,0.135338346,0.7,-0.306,0.899202,0
B6I985,0.51031746,0.161654135,0,0.146616541,-0.35,-0.269,-0.603416,0
B6VDJ7,0.424836601,0.270588235,1,0,#N/A,-0.439,-1.03173,0
B7IE18,0.586900585,0.130526316,0,0.075789474,-0.43,-0.252,-0.208392,0
B7T1D7,0.458908382,0.259649123,0,0.066666667,2.46,-0.257,0.914035,0
B7T1D9,0.449212121,0.269090909,0,0.050909091,1.41,-0.256,0.407831,0
B8NJH3,0.481711169,0.211886305,0,0.036175711,-0.67,-0.196,-0.471948,0
B8YB65,0.345512821,0.490384615,1,0.509615385,#N/A,-0.76,0.365571,0
B9KDD4,0.535955056,0.179775281,0,0.084269663,-0.88,-0.196,-0.09963,0
B9UCQ5,0.456548578,0.260869565,0,0.06763285,0.98,-0.273,0.109268,0
C0J347,0.423108238,0.301724138,0.193965517,0.155172414,1.26,-0.139,1.03088,0
C1I202,0.493290392,0.154589372,0,0,0.57,-0.204,0.55124,0
C3TAR7,0.509578544,0.220689655,0,0,-1.82,-0.481,-1.31781,0
C4LQ26,0.458888889,0.258928571,0.083928571,0.042857143,0.81,-0.252,1.0088,0
C4M0U8,0.423914643,0.364238411,0.688741722,0,-2.39,-0.542,0.331104,0
C4M7X2,0.465828637,0.280884265,0,0.046814044,0.77,-0.355,0.661292,0
C4PB33,0.461142463,0.25,0,0.0248307,0.61,-0.124,0.690827,0
C4R4Y0,0.451163384,0.227194492,0.096385542,0.105565118,6.17,0.327,0.946934,0
C5W716,0.603222222,0.11,0,0.29,#N/A,-0.318,-1.17491,0
C6KSX0,0.47790586,0.201729107,0,0.106628242,-0.5,-0.286,0.12593,0
C6Y4D0,0.466155811,0.333333333,1,0,#N/A,-0.659,-1.09711,0
C9ZXG5,0.489360587,0.254716981,0,0,0.32,-0.359,-0.663498,0
D0AB09,0.461968857,0.228028504,0.011876485,0.035629454,-0.34,-0.111,-0.0953991,0
D0NBE6,0.448906387,0.270341207,0,0,-0.14,-0.397,-0.150727,0
D0VWR1,0.510561056,0.164356436,0,0.118811881,1.05,-0.237,0.823748,0
D0VWU3,0.484769539,0.128256513,0,0.126252505,2.29,-0.012,0.751889,0
D1A4G7,0.471744825,0.234220532,0,0.03878327,1.63,-0.05,0.771638,0
D1M863,0.435402299,0.310344828,0.517241379,0.165517241,-0.62,-0.441,-0.621728,0
D3DFG8,0.466982622,0.28436019,0,0,0.48,-0.487,-0.259848,0
D3KFX4,0.458133333,0.242666667,0,0,-0.18,-0.228,0.335187,0
D3WAD0,0.440537241,0.340659341,1,0.164835165,#N/A,-0.552,-0.243415,0
D3WZ85,0.479215686,0.24,0,0.054117647,1.89,-0.304,0.903482,0
D4AEP7,0.462163485,0.251101322,0,0,0.13,-0.25,0.878097,0
D4GUF6,0.508812261,0.252873563,1,0.448275862,#N/A,-0.52,0.07382,0
D4GVB0,0.490096618,0.293478261,1,0,#N/A,-0.609,0.193053,0
D6PZY5,0.407193732,0.237179487,0.557692308,0.442307692,11.97,0.226,6.05253,0
E1BSW7,0.415427658,0.330935252,0.618705036,0.086330935,#N/A,-0.55,-0.536261,0
E1UJ20,0.508154944,0.28440367,0,0.119266055,#N/A,-0.621,-0.547565,0
E1VBK4,0.51095994,0.238095238,0,0,-0.88,-0.486,-0.0770217,0
E3T1W8,0.497165742,0.197781885,0,0.146025878,1.04,-0.142,1.25211,0
E5LC01,0.292032229,0.367949866,0.846016115,0.601611459,4.96,0.409,0.694404,0
E6PBU3,0.41996892,0.314685315,1,0.370629371,-1.92,-0.337,1.29083,0
E6PBU9,0.414991182,0.312169312,0.227513228,0.301587302,-0.56,-0.464,1.34947,0
E6UBR9,0.464577114,0.226865672,0,0,0.7,-0.248,0.304444,0
E6UIS7,0.458175014,0.259067358,0,0.03626943,0.8,-0.404,0.593647,0
E6Y5X0,0.487738095,0.21547619,0,0.044047619,1.31,-0.277,1.26693,0
E6Z0R4,0.422401434,0.419354839,1,0,#N/A,-0.76,-1.51356,0
E8MGH8,0.46350895,0.23556231,0,0.018237082,0.35,-0.209,0.744979,0
E8XBD7,0.504780745,0.213649852,0,0.050445104,0.77,-0.22,0.499637,0
E9AD06,0.475555556,0.26,0,0,-1.07,-0.233,-0.258476,0
E9ADE1,0.45238837,0.224299065,0,0.130841121,-0.47,-0.225,-0.473157,0
E9AE57,0.466999218,0.23415493,0,0,1.51,-0.187,0.756054,0
F0TTD6,0.476146384,0.21031746,0,0,-1.47,-0.099,-0.290706,0
F0ZBA6,0.482944531,0.171073095,0,0.01399689,1.64,-0.12,0.479544,0
F1QCV2,0.483851852,0.207407407,0,0,1.05,-0.19,0.303693,0
F1QGH7,0.477293447,0.198717949,0,0.016666667,5.52,-0.133,0.400938,0
F1QR43,0.460959424,0.216723549,0,0.046075085,0.25,-0.214,0.589563,0
F1RAX4,0.53384743,0.164179104,0.047761194,0.088059701,0.86,-0.243,-0.0118432,0
F1RE08,0.460208333,0.25625,0,0.027083333,-0.32,-0.2,0.244036,0
F2WK69,0.455290304,0.222811671,0,0.066312997,0.32,-0.147,0.817198,0
F2Z293,0.487379973,0.205761317,0,0,0.07,-0.324,0.492237,0
F4JL28,0.441263058,0.286324786,0,0,0.72,-0.504,0.0674655,0
F6IAY2,0.449165061,0.231213873,0,0.086705202,1.88,-0.117,0.576707,0
F7DSA5,0.423433048,0.320512821,0.147435897,0.044871795,0.76,-0.41,1.02193,0
F8UU09,0.468443497,0.166311301,0,0,1.81,-0.048,1.11463,0
F9UST4,0.477334944,0.239130435,0,0.054347826,-0.18,-0.258,0.257104,0
G0S3L5,0.456634257,0.258162821,0.006965607,0.015237266,1.6,-0.152,1.33154,0
G0S4M4,0.427449223,0.298387097,0,0.069892473,-0.59,-0.275,0.637671,0
G1K3N3,0.407510288,0.287037037,0.972222222,0.185185185,#N/A,-0.402,0.690614,0
G3ECR4,0.518112633,0.260273973,0,0,-1.68,-0.518,-0.907876,0
G3V7P1,0.433292782,0.262773723,0,0.120437956,-0.73,0.018,-0.270597,0
G4NEJ8,0.389780521,0.333333333,1,0.141975309,-0.67,-0.422,1.60135,0
G4VQX9,0.484884259,0.247916667,0,0.025,-0.45,-0.391,-0.360769,0
G5EFZ1,0.476376005,0.218923933,0,0,-0.06,-0.203,0.932281,0
G8HXD9,0.403373016,0.357142857,1,0.303571429,#N/A,,-0.780982,0
H0W0T5,0.507453294,0.191150442,0,0.054867257,-0.37,-0.256,0.348435,0
H6LGM7,0.491094148,0.240458015,0,0,0.41,-0.296,0.00222162,0
I1JLC8,0.32031746,0.342857143,1,0.123809524,#N/A,-0.28,2.61536,0
I1WVY3,0.485091466,0.110185778,0,0.147982063,3.14,0.196,2.80661,0
I6WU39,0.469306931,0.287128713,0,0,#N/A,-0.553,-0.619947,0
I7MK25,0.353483017,0.435233161,0.383419689,0.21761658,-0.13,-0.536,1.59811,0
J2EKT7,0.403116531,0.268292683,1,0,#N/A,-0.452,-0.82285,0
J7FTI7,0.398148148,0.25308642,0.648148148,0.432098765,10.85,0.208,5.67388,0
J7M799,0.390389123,0.35443038,0.23628692,0.042194093,1.24,-0.472,-0.443279,0
J7QA90,0.430429293,0.295454545,1,0,#N/A,-0.338,-1.2101,0
J7QLC0,0.4733164,0.224501758,0,0.158264947,4.37,-0.116,2.51824,0
J8TM36,0.562414761,0.184115523,0.155234657,0.151624549,-0.86,-0.388,-0.742839,0
J9ULM6,0.455767196,0.223809524,0,0,-0.03,-0.237,0.686841,0
J9V8B5,0.464719359,0.278350515,1,0,#N/A,-0.557,-1.09356,0
O03983,0.506254599,0.258278146,0,0,-1.21,-0.49,-0.252612,0
O05574,0.425252525,0.218181818,0.9,0.363636364,#N/A,-0.229,0.341019,0
O06522,0.470004983,0.152466368,0,0,-0.5,-0.007,-0.44947,0
O06662,0.478619529,0.242424242,0,0,#N/A,-0.333,-0.260485,0
O07001,0.477319588,0.257731959,0,0,-1.55,-0.503,-0.22801,0
O07006,0.432436163,0.279503106,0,0,-1.34,-0.497,0.00641984,0
O07427,0.500637196,0.218637993,0,0.068100358,0.93,-0.399,0.307711,0
O07883,0.488131313,0.254545455,0,0,-0.66,-0.334,-0.105805,0
O08785,0.426887589,0.176608187,0.065497076,0.175438596,1.72,0.584,0.171914,0
O08908,0.434610649,0.268698061,0,0.145429363,1.32,-0.281,0.579125,0
O13916,0.397361111,0.325,1,0.1375,#N/A,-0.577,-1.07437,0
O14187,0.447458504,0.24121879,0.025814642,0.030046551,1.66,-0.142,0.855701,0
O14198,0.446269458,0.241545894,0,0,-0.2,-0.299,-0.545817,0
O14214,0.39375,0.371710526,0.273026316,0.078947368,-0.11,-0.285,0.502495,0
O14745,0.420949721,0.282122905,0.198324022,0.139664804,2.13,-0.282,0.776915,0
O15922,0.455978126,0.223713647,0.111856823,0.158836689,1.37,-0.19,0.309786,0
O16299,0.433352039,0.296296296,0.158249158,0.074074074,1.54,-0.088,0.837683,0
O17428,0.433560844,0.271167681,0,0.028223575,2,-0.135,1.1268,0
O23764,0.413744076,0.251184834,1,0.236966825,1.45,-0.155,1.9219,0
O23813,0.459510061,0.242519685,0.033070866,0.056692913,0.8,-0.256,1.14626,0
O24172,0.358444444,0.42,1,0,#N/A,,-0.936431,0
O24872,0.50285423,0.188073394,0,0,-0.67,-0.306,-0.439261,0
O25010,0.35585997,0.424657534,1,0,#N/A,-0.572,-0.000849444,0
O25503,0.480788804,0.267175573,0,0.045801527,-0.64,-0.312,-0.140828,0
O25555,0.378933333,0.376,1,0,#N/A,-0.536,0.061356,0
O25909,0.481969882,0.285714286,0,0,-0.51,-0.445,-0.0886526,0
O26147,0.456363636,0.309090909,1,0,#N/A,,-1.46818,0
O26255,0.497431302,0.225806452,0,0.134408602,-0.62,-0.403,-0.562185,0
O26356,0.468464052,0.352941176,1,0,#N/A,-0.688,-0.859098,0
O26807,0.441795438,0.324503311,0,0,0.77,-0.561,-0.163142,0
O26894,0.42921147,0.306451613,1,0,#N/A,-0.579,-0.676468,0
O26981,0.492640693,0.311688312,1,0,#N/A,-0.666,-0.485653,0
O27081,0.492147034,0.263157895,0,0,#N/A,-0.523,-0.296538,0
O27099,0.489548955,0.217821782,0,0.069306931,1.05,-0.294,0.0341738,0
O27122,0.444300144,0.350649351,1,0,#N/A,-0.745,-1.17258,0
O27635,0.484444444,0.35,0,0,-2.68,-0.754,-0.607026,0
O27647,0.421652422,0.397435897,1,0.141025641,#N/A,-0.811,-0.568507,0
O27734,0.503870162,0.303370787,1,0.168539326,#N/A,-0.722,-0.550097,0
O28025,0.464920635,0.311904762,0,0.066666667,0.87,-0.544,0.477469,0
O28362,0.465577342,0.333333333,0,0,#N/A,-0.648,0.448343,0
O28401,0.480676329,0.298550725,0,0.089855072,-0.51,-0.435,0.615733,0
O28440,0.496327684,0.292372881,0,0,-1.61,-0.496,0.449666,0
O28597,0.47478458,0.26122449,0,0,-0.6,-0.425,-0.0941413,0
O28751,0.501678241,0.270833333,0,0,-1.25,-0.39,0.301095,0
O28769,0.498323471,0.213017751,0,0.103550296,-0.34,-0.243,-0.334126,0
O28846,0.606684734,0.077235772,0,0.264227642,-0.13,-0.239,0.568817,0
O28951,0.462607338,0.217798595,0,0,0.11,-0.131,0.784837,0
O29010,0.375854701,0.471153846,1,0.153846154,#N/A,-0.828,0.155922,0
O29329,0.483295019,0.268965517,0,0,0.26,-0.285,1.01329,0
O29370,0.502253669,0.273584906,0,0.136792453,-1.26,-0.577,0.0725621,0
O29390,0.506334992,0.256716418,0,0.03880597,-0.46,-0.439,0.602779,0
O29630,0.462070344,0.305755396,0,0.035971223,-0.41,-0.43,0.17211,0
O29756,0.483612184,0.316602317,0,0.142857143,0.19,-0.481,0.194016,0
O29867,0.525371224,0.144009217,0,0.05875576,1.59,-0.189,0.445975,0
O29912,0.507346939,0.306122449,0,0.040816327,-0.66,-0.579,-0.0777568,0
O29917,0.501875,0.21875,0,0,-1.49,-0.391,-0.516723,0
O30011,0.46899093,0.331632653,0,0,0.31,-0.466,0.165037,0
O30033,0.474301676,0.324022346,0,0.083798883,-0.73,-0.536,1.11197,0
O30126,0.470099875,0.299625468,0,0.024344569,1.09,-0.414,0.431648,0
O30144,0.494814815,0.3,0,0.058333333,1.63,-0.445,0.255993,0
O30297,0.504730031,0.285140562,0,0,0.39,-0.517,0.233123,0
O30916,0.447296494,0.219251337,0,0.032085561,-0.77,-0.147,0.967043,0
O31466,0.506918239,0.226415094,1,0,#N/A,,-1.45423,0
O31467,0.524444444,0.242857143,1,0.171428571,#N/A,-0.701,-0.417224,0
O31628,0.450952381,0.314285714,0.228571429,0.085714286,-0.95,-0.381,0.657176,0
O31818,0.391197691,0.363636364,1,0,#N/A,-0.577,-0.11773,0
O31851,0.45685941,0.229591837,0,0.035714286,1.38,-0.248,1.35878,0
O32157,0.475542005,0.222560976,0,0,-0.74,-0.294,0.0849444,0
O32163,0.460166289,0.278911565,0,0,0.52,-0.418,0.160921,0
O32221,0.48389694,0.289855072,1,0,#N/A,-0.654,-0.630059,0
O32583,0.495622896,0.136363636,1,0,#N/A,-0.227,-1.50244,0
O32726,0.525287356,0.232758621,0,0,#N/A,-0.434,-0.577802,0
O32728,0.438488889,0.348,0.052,0,-0.29,-0.541,0.187384,0
O33599,0.395042194,0.113924051,0,0.037974684,3.78,0.44,1.69211,0
O33818,0.481228433,0.242236025,0,0,-0.8,-0.434,-0.36299,0
O33832,0.492100694,0.27734375,0,0.046875,-0.81,-0.399,0.959137,0
O33833,0.450102881,0.277777778,0,0,1.22,-0.375,0.981369,0
O34596,0.43625731,0.296052632,0.039473684,0.151315789,-1.33,-0.379,0.673136,0
O34790,0.506042885,0.263157895,0,0,-1.05,-0.531,-0.208555,0
O34800,0.379960317,0.375,1,0,#N/A,,-1.49832,0
O34816,0.49600271,0.12804878,0,0,0.7,-0.13,0.201531,0
O34817,0.450205761,0.226337449,0,0,-0.28,-0.222,-0.0286687,0
O35000,0.451515152,0.239669421,0,0.066115702,1.36,-0.184,0.198378,0
O35013,0.433895921,0.329113924,0,0,1.45,-0.585,0.34984,0
O35031,0.45982906,0.274725275,0.747252747,0,#N/A,-0.492,0.367074,0
O35484,0.490897817,0.207589286,0,0,1.75,-0.219,0.607206,0
O35718,0.456148148,0.186666667,0,0.057777778,0.82,-0.227,-0.195911,0
O39946,0.353738318,0.392523364,1,0.252336449,3.55,-0.194,2.26704,0
O43070,0.430034439,0.27406199,0.115823817,0.096247961,-0.23,-0.076,1.09185,0
O43776,0.445437956,0.281021898,0.078467153,0,1.99,-0.364,0.657911,0
O43806,0.372644163,0.303797468,1,0,2.18,-0.29,0.140273,0
O44326,0.491461816,0.199115044,0,0.017699115,0.54,-0.105,-0.176439,0
O48446,0.431804281,0.266055046,0.669724771,0,#N/A,-0.257,0.337817,0
O49195,0.483251029,0.203703704,0,0.033333333,-0.08,-0.337,0.273129,0
O50083,0.511790393,0.288209607,0,0.074235808,-0.36,-0.551,0.176227,0
O50129,0.487974988,0.268398268,0,0,-1.16,-0.458,0.495961,0
O50580,0.47440613,0.286206897,0,0,-0.18,-0.493,0.16146,0
O50835,0.414814815,0.333333333,0.008474576,0.276836158,0.41,-0.375,0.787026,0
O52512,0.442792235,0.275092937,0,0,-0.22,-0.341,-0.302614,0
O52704,0.449921753,0.300469484,0,0,-0.92,-0.398,0.20434,0
O53168,0.47212806,0.201271186,0,0.154661017,1.51,-0.079,0.563541,0
O53512,0.476430976,0.220779221,0,0.034632035,-0.27,-0.275,0.0432563,0
O53692,0.533218786,0.103092784,0.103092784,0.288659794,#N/A,-0.135,-1.5037,0
O53871,0.503859939,0.218362283,0,0,0.45,-0.254,1.03149,0
O54465,0.393981481,0.263888889,1,0.236111111,#N/A,-0.243,-0.238073,0
O54928,0.420190713,0.257462687,0,0.046641791,0.07,-0.25,0.400921,0
O55000,0.409518349,0.243119266,0.282110092,0.377293578,11.79,0.158,2.34262,0
O55777,0.389083394,0.297592998,0.560175055,0,2.77,-0.139,1.16281,0
O56139,0.416938406,0.186141304,0.038043478,0.020380435,3.48,0.092,1.37089,0
O57173,0.476776777,0.234234234,0,0,-0.67,-0.293,-0.652438,0
O57809,0.511247863,0.252307692,0,0.055384615,0,-0.398,1.3471,0
O57823,0.466545894,0.347826087,0,0,-1.57,-0.707,0.420638,0
O57848,0.429475309,0.324074074,0,0.074074074,-1.49,-0.482,1.32894,0
O57950,0.476587302,0.289285714,0,0.064285714,-0.69,-0.367,0.893338,0
O58088,0.486564389,0.288702929,0,0,-0.03,-0.502,0.392558,0
O58316,0.491062802,0.311594203,0,0,#N/A,-0.747,-0.261531,0
O58403,0.496539961,0.293859649,0,0,-0.32,-0.463,0.0307433,0
O58456,0.511027254,0.252830189,0,0,-0.72,-0.413,0.143131,0
O58462,0.517681624,0.269230769,0,0.072115385,-1.25,-0.424,0.529824,0
O58720,0.441503268,0.401960784,0.549019608,0,#N/A,-0.962,-1.23253,0
O58885,0.468882558,0.313390313,0,0.05982906,1.33,-0.438,0.721685,0
O59188,0.482413539,0.298013245,0,0.039735099,-0.91,-0.547,-0.127662,0
O59196,0.488637079,0.283286119,0,0,-0.79,-0.466,0.693114,0
O59198,0.49807755,0.240469208,0,0.041055718,0.14,-0.326,1.02049,0
O59284,0.499893674,0.255980861,0,0.033492823,-0.17,-0.407,0.703617,0
O59393,0.495569189,0.294478528,0,0.09202454,1.38,-0.382,0.901032,0
O59413,0.481124498,0.277108434,0,0,0.26,-0.466,0.311321,0
O59580,0.479450418,0.268817204,0,0,0.4,-0.489,1.04779,0
O60502,0.462445415,0.254366812,0.040393013,0.027292576,0.54,-0.219,0.458487,0
O61667,0.490985325,0.198113208,0.613207547,0.254716981,#N/A,-0.284,-1.07453,0
O66129,0.467179487,0.246153846,0,0,-1.02,-0.301,0.0306127,0
O66440,0.466768138,0.301369863,0,0,-0.24,-0.5,0.378672,0
O66493,0.45720268,0.296482412,0,0.030150754,2.01,-0.276,1.32786,0
O66529,0.50995671,0.253246753,0,0,-1.86,-0.542,0.0639533,0
O66540,0.497919838,0.301369863,0,0,0.39,-0.562,-0.0166622,0
O66552,0.459146046,0.344978166,0,0,0.36,-0.617,-0.119788,0
O66683,0.402651515,0.454545455,1,0.295454545,#N/A,-0.871,0.272737,0
O66990,0.489336493,0.255924171,0,0,-0.04,-0.379,0.750517,0
O67082,0.442584213,0.357466063,0.135746606,0,-1.72,-0.581,0.298335,0
O67086,0.410828625,0.36440678,0.618644068,0.296610169,#N/A,-0.331,0.245734,0
O67099,0.475897436,0.358974359,0,0.102564103,-1.33,-0.651,0.504096,0
O68098,0.522886233,0.167330677,0,0.075697211,0.15,-0.229,-0.240458,0
O68557,0.452991453,0.240802676,0,0.040133779,0.72,-0.114,0.647211,0
O69245,0.486254789,0.232758621,0,0,-0.24,-0.345,0.1266,0
O70200,0.420483749,0.340136054,0.551020408,0,-0.19,-0.503,0.436533,0
O70201,0.417619048,0.3,0.664285714,0,0.86,-0.55,-0.995957,0
O70480,0.435855004,0.340425532,0.687943262,0.212765957,-0.41,-0.486,-0.16685,0
O73557,0.462177329,0.171717172,1,0.282828283,#N/A,-0.41,-1.68474,0
O74499,0.445526057,0.256637168,0.973451327,0.115044248,#N/A,-0.242,0.296472,0
O74774,0.449962462,0.271959459,0.087837838,0.060810811,-0.6,-0.304,0.833174,0
O74958,0.420582878,0.221311475,0.129098361,0.114754098,3.68,-0.09,0.286132,0
O75936,0.455928797,0.263565891,0,0,-0.14,-0.311,0.340725,0
O76074,0.456177778,0.250285714,0.026285714,0.043428571,0.17,-0.213,0.270499,0
O76242,0.482020202,0.190909091,0,0,#N/A,-0.207,0.736599,0
O76463,0.460378788,0.245454545,0,0,-0.72,-0.248,0.038519,0
O77103,0.498108747,0.229787234,0,0,0.45,-0.451,0.0146366,0
O77404,0.491126543,0.1875,0,0,-0.34,-0.457,-0.17688,0
O78747,0.592592593,0.091194969,0,0.040880503,-0.51,-0.317,-1.60409,0
O78748,0.588856868,0.069164265,0,0.244956772,-0.78,-0.231,-1.88452,0
O78753,0.585990338,0.104347826,0,0.434782609,#N/A,-0.47,-2.61846,0
O78755,0.590510772,0.071895425,0,0.178649237,-1.51,-0.204,-1.50767,0
O78757,0.611492063,0.102857143,0,0.108571429,-0.5,-0.263,0.472144,0
O80164,0.49337232,0.210526316,0,0,-0.51,-0.232,0.0929325,0
O82132,0.390480929,0.304477612,0.28358209,0.158208955,2.42,-0.088,1.2642,0
O82775,0.426866319,0.25,0,0,-0.21,-0.248,0.446595,0
O86043,0.483542977,0.226415094,0,0,-0.47,-0.422,-0.618706,0
O86150,0.523857368,0.216312057,0,0.063829787,-0.92,-0.296,0.530903,0
O86488,0.390164766,0.276045627,0.202281369,0.146768061,8.17,-0.015,2.33651,0
O87120,0.46956957,0.153153153,0,0,-0.89,-0.012,-0.375405,0
O87172,0.464177778,0.256,0,0.028,1.82,-0.236,0.542419,0
O87896,0.452307692,0.246153846,0,0,#N/A,-0.264,-0.0451349,0
O88339,0.441507246,0.203478261,0.579130435,0.260869565,4.97,0.011,0.577687,0
O88393,0.470705882,0.202352941,0.037647059,0.045882353,2.43,-0.214,0.489133,0
O88513,0.382955771,0.349514563,1,0.082524272,1.49,-0.396,0.140877,0
O88900,0.445332507,0.226765799,0.079925651,0.022304833,-0.2,-0.14,0.378182,0
O92972,0.501923219,0.170431894,0.016943522,0.084385382,3.53,-0.133,0.850751,0
O93655,0.464344729,0.284615385,0,0,0.6,-0.254,0.817312,0
O94258,0.503283345,0.200408998,0,0.072597137,0.83,-0.29,0.226932,0
O94316,0.472775519,0.258130081,0.024390244,0.075203252,0.1,-0.252,0.526917,0
O94444,0.460631001,0.238683128,0.098765432,0.090534979,0.21,-0.163,0.0216935,0
O95822,0.477372098,0.21703854,0,0.034482759,0.26,-0.233,0.457752,0
O95843,0.450717703,0.253588517,0.09569378,0,-0.54,-0.288,0.5812,0
O97193,0.477271288,0.210826211,0,0,-0.37,-0.238,0.643046,0
P00122,0.453561254,0.269230769,1,0,#N/A,-0.464,-0.698325,0
P00133,0.417063492,0.303571429,0.892857143,0.107142857,#N/A,-0.559,0.882115,0
P00137,0.405392157,0.294117647,1,0,#N/A,-0.606,0.149535,0
P00147,0.47881137,0.263565891,0.643410853,0.294573643,#N/A,-0.289,-0.286099,0
P00157,0.575549692,0.092348285,0,0.09762533,0.5,-0.279,-0.713043,0
P00209,0.500957854,0.327586207,1,0,#N/A,,-2.64646,0
P00276,0.461685824,0.275862069,0.505747126,0,#N/A,-0.56,-0.0313804,0
P00305,0.447089947,0.238095238,0,0,-1.13,-0.351,0.328719,0
P00322,0.478904992,0.289855072,0,0.188405797,#N/A,-0.613,0.566432,0
P00361,0.498388721,0.241691843,0,0.093655589,-1.02,-0.433,0.197006,0
P00392,0.510239651,0.192513369,0,0.048128342,0.19,-0.127,0.270352,0
P00396,0.576156507,0.081712062,0,0.089494163,0.31,-0.2,-0.146006,0
P00415,0.545849298,0.076628352,0,0,-0.65,-0.263,-0.76628,0
P00439,0.458235005,0.252212389,0,0.026548673,-0.73,-0.345,0.314654,0
P00484,0.475169536,0.220657277,0,0,-0.74,-0.277,-0.761935,0
P00488,0.45651184,0.244535519,0,0,0.49,-0.306,0.877672,0
P00509,0.477609428,0.21969697,0,0,-0.06,-0.243,0.514616,0
P00512,0.483455242,0.24137931,0,0,0.29,-0.376,1.73131,0
P00581,0.447837753,0.274147727,0,0,0.92,-0.232,1.0597,0
P00653,0.447513228,0.20952381,1,0,#N/A,-0.293,0.625893,0
P00654,0.426705653,0.166666667,0.649122807,0,#N/A,-0.208,0.320534,0
P00718,0.432072072,0.243243243,0,0,-0.32,-0.186,1.24225,0
P00722,0.451953125,0.20703125,0,0.01171875,2.24,-0.186,0.599299,0
P00771,0.530530973,0.128318584,0,0.066371681,2.59,-0.213,0.327199,0
P00781,0.511597729,0.109489051,0,0.072992701,1.08,-0.091,1.29722,0
P00798,0.486790506,0.099071207,0,0.114551084,2.06,0.047,1.33752,0
P00800,0.456467964,0.195255474,0,0.060218978,1.32,0.056,1.5432,0
P00816,0.510185185,0.256410256,0,0,-0.85,-0.488,-0.362778,0
P00845,0.633487654,0.097222222,0.055555556,0.347222222,#N/A,-0.458,-0.551159,0
P00929,0.512313433,0.194029851,0,0.078358209,-0.7,-0.283,-0.064084,0
P00934,0.489252336,0.214953271,0,0.035046729,0.03,-0.261,0.195388,0
P00947,0.507111111,0.208,0,0,#N/A,-0.431,-0.421226,0
P00968,0.482002692,0.260950606,0,0,1.52,-0.262,0.862594,0
P00971,0.445454545,0.29144385,0,0,-0.37,-0.401,0.495683,0
P00998,0.441269841,0.196428571,1,0,#N/A,,-1.51784,0
P01050,0.414358974,0.230769231,1,0,#N/A,-0.458,0.642719,0
P01051,0.454444444,0.2,1,0,#N/A,-0.333,-0.449111,0
P01071,0.473173726,0.270718232,0,0.066298343,0,-0.326,0.666373,0
P01087,0.500728597,0.180327869,0,0,#N/A,-0.466,-1.11442,0
P01096,0.381243629,0.357798165,1,0.110091743,#N/A,-0.356,0.361014,0
P01099,0.376907631,0.265060241,1,0.222891566,0.8,-0.126,-0.370799,0
P01139,0.455002305,0.22406639,0,0,0.45,-0.354,-0.614246,0
P01215,0.49032567,0.155172414,0,0,#N/A,-0.323,-1.7781,0
P01391,0.468075117,0.225352113,0.521126761,0,#N/A,-0.612,-1.87108,0
P01501,0.526507937,0.214285714,1,0.328571429,#N/A,-0.583,-1.88751,0
P01525,0.409090909,0.290909091,1,0,#N/A,,-0.553625,0
P01555,0.436003445,0.213178295,0,0.050387597,0.89,-0.172,0.822001,0
P01631,0.47020649,0.168141593,0.707964602,0,#N/A,-0.15,0.228419,0
P02213,0.485083714,0.239726027,0,0,-1.37,-0.289,0.315487,0
P02216,0.520710506,0.163265306,0,0.081632653,-0.3,-0.252,0.747723,0
P02218,0.445977011,0.275862069,0,0,-1.09,-0.464,-0.0109121,0
P02247,0.434369115,0.313559322,0,0,#N/A,-0.521,-0.222015,0
P02259,0.372105263,0.373684211,0.905263158,0.421052632,-0.23,-0.309,0.861075,0
P02263,0.453832903,0.271317829,0.775193798,0.162790698,#N/A,-0.342,0.714317,0
P02283,0.422764228,0.300813008,0.902439024,0.178861789,#N/A,-0.397,-0.0945497,0
P02315,0.378253968,0.371428571,1,0.5,#N/A,-0.458,0.417943,0
P02417,0.448918717,0.295302013,0.362416107,0.214765101,-0.06,-0.486,0.507412,0
P02619,0.494807892,0.308411215,1,0.140186916,#N/A,-0.627,-0.152737,0
P02621,0.51872428,0.296296296,0.87037037,0.203703704,#N/A,-0.69,-0.12464,0
P02628,0.471604938,0.37962963,0.981481481,0.305555556,#N/A,-0.721,0.35185,0
P02631,0.430682977,0.302752294,1,0,#N/A,-0.394,-0.230428,0
P02699,0.552650064,0.114942529,0,0.048850575,-0.16,-0.246,-0.638766,0
P02721,0.43600823,0.287037037,0.851851852,0,#N/A,-0.391,-0.28739,0
P02783,0.424603175,0.285714286,0.991071429,0.571428571,#N/A,-0.363,0.857694,0
P02920,0.601412204,0.098321343,0,0.083932854,0.53,-0.253,-0.0421945,0
P02966,0.465125241,0.184971098,0,0,-1.44,-0.145,0.697165,0
P03012,0.460412872,0.300546448,0,0,-1.08,-0.387,0.539005,0
P03036,0.462754304,0.267605634,1,0,#N/A,-0.512,-1.36275,0
P03040,0.445959596,0.257575758,1,0,#N/A,-0.412,-0.494573,0
P03050,0.41509434,0.339622642,1,0,#N/A,,-0.475885,0
P03051,0.427336861,0.333333333,1,0,#N/A,-0.67,-1.66919,0
P03052,0.441474147,0.277227723,1,0,#N/A,-0.404,-0.482468,0
P03070,0.439187068,0.275423729,0.086158192,0.036723164,1.42,-0.209,0.637214,0
P03086,0.44256651,0.295774648,1,0.14084507,#N/A,-0.617,-0.836065,0
P03087,0.446500921,0.223756906,0.060773481,0.038674033,0.5,-0.133,0.635188,0
P03101,0.461430143,0.198019802,0.057425743,0.041584158,1.5,-0.067,0.536212,0
P03252,0.460021786,0.166666667,0,0,1.35,-0.029,-0.48518,0
P03254,0.443291042,0.24567474,0.076124567,0.114186851,2.31,-0.323,-0.681254,0
P03255,0.441330258,0.24567474,0.128027682,0.114186851,2.27,-0.323,-0.705757,0
P03259,0.440643275,0.270676692,0.101503759,0.033834586,1.7,-0.35,-0.456103,0
P03300,0.470132287,0.2028067,0,0.030330466,2.33,-0.03,0.985796,0
P03305,0.472927387,0.224271012,0,0.021440823,2.45,0.258,1.11514,0
P03315,0.469459963,0.191540303,0.003192338,0.073423783,1.54,-0.082,0.524352,0
P03316,0.472360553,0.195180723,0.044176707,0.069879518,1.46,-0.073,0.444325,0
P03317,,0.237564664,0,0.048149622,#N/A,-0.146,0.770642,0
P03431,0.442844562,0.241743725,0,0,3.65,-0.115,0.69594,0
P03433,0.447936065,0.287709497,0,0.020949721,0.07,-0.329,0.442364,0
P03437,0.463820181,0.208480565,0,0,1.57,-0.117,0.897111,0
P03496,0.462463768,0.282608696,0,0,-0.21,-0.419,-0.200354,0
P03527,0.471019787,0.205479452,0,0,-0.04,-0.277,0.317088,0
P03602,0.502939447,0.216931217,0,0.264550265,0.09,-0.355,-0.751072,0
P03607,0.492552768,0.168458781,0,0.039426523,-0.41,-0.185,-0.58628,0
P03616,0.48235793,0.229007634,0.022900763,0,#N/A,-0.382,-0.346361,0
P03643,0.515428571,0.137142857,0,0,1.08,-0.211,-0.480949,0
P03661,0.442479036,0.176886792,0,0.136792453,5.31,0.037,2.4621,0
P03672,0.458119658,0.192307692,1,0,#N/A,-0.232,-0.439734,0
P03700,0.440574282,0.29494382,0,0,-0.4,-0.345,0.320502,0
P03709,0.471885522,0.287878788,0.484848485,0.090909091,#N/A,-0.588,-0.833125,0
P03714,0.451566952,0.264957265,0.692307692,0,#N/A,-0.335,0.645365,0
P03733,0.478635953,0.195121951,0,0.06097561,0.28,-0.291,0.369492,0
P03772,0.468627451,0.248868778,0,0,-0.54,-0.339,0.846308,0
P03780,0.440392157,0.282352941,0.082352941,0,#N/A,-0.51,-1.07572,0
P03903,0.606689342,0.051020408,0,0.224489796,#N/A,-0.309,-2.31122,0
P03915,0.565432099,0.081260365,0,0.160862355,0.03,-0.196,-0.904642,0
P03959,0.585677239,0.086175943,0,0.061041293,1.27,-0.011,0.0749308,0
P04052,0.446617205,0.210386857,0.14891362,0.163222046,4.16,0.28,1.0489,0
P04132,0.450841751,0.141414141,0.95959596,0,#N/A,-0.138,-0.940041,0
P04164,0.476335878,0.236641221,0.503816794,0,#N/A,-0.253,0.570549,0
P04168,0.416431925,0.253521127,1,0,#N/A,-0.529,-0.434948,0
P04177,0.455912539,0.257028112,0.100401606,0.046184739,-0.12,-0.293,-0.0225103,0
P04303,0.469724771,0.224770642,0,0.055045872,-1.23,-0.452,-0.202609,0
P04318,0.47928765,0.254355401,0,0,-1.3,-0.39,-0.198509,0
P04382,0.485261946,0.227979275,0,0.056994819,-0.58,-0.344,-0.138557,0
P04383,0.476979566,0.215517241,0,0.045977011,0.31,-0.182,0.307515,0
P04392,0.436679537,0.274131274,0,0.065637066,0.46,-0.321,1.01275,0
P04395,0.495981087,0.191489362,0,0.060283688,-0.33,-0.318,-0.517361,0
P04445,0.463636364,0.272727273,1,0,#N/A,-0.448,-0.401248,0
P04480,0.44923048,0.231418919,0.057432432,0.206081081,4.77,0.038,1.40887,0
P04486,0.471179138,0.234693878,0,0.124489796,1.02,-0.103,-0.145288,0
P04509,0.482451721,0.176322418,0,0,0.22,-0.098,0.0197006,0
P04519,0.445861111,0.2725,0,0,-0.68,-0.251,0.354659,0
P04531,0.477823882,0.253112033,0,0,-1.1,-0.36,0.329209,0
P04547,0.465906933,0.262108262,0,0,-0.48,-0.307,0.476375,0
P04570,0.437717718,0.286486486,0,0,0.55,-0.319,0.195372,0
P04571,0.471200511,0.275862069,0,0,-0.23,-0.408,0.386579,0
P04695,0.467936508,0.274285714,0.06,0.04,-1.04,-0.407,0.113172,0
P04775,0.499656415,0.226932668,0.056359102,0.117206983,1.82,-0.201,0.778467,0
P04789,0.51,0.188,0,0.056,-0.09,-0.251,0.105429,0
P04825,0.463882503,0.24137931,0,0.035632184,0.23,-0.212,0.258492,0
P04859,0.397652582,0.297535211,0.524647887,0.021126761,1.95,-0.167,1.31128,0
P04964,0.463159722,0.234375,0,0.05,0.31,-0.19,0.427107,0
P04968,0.494703848,0.23151751,0,0.025291829,0.21,-0.288,0.656947,0
P05019,0.418632479,0.266666667,0.297435897,0,0.54,-0.267,0.124852,0
P05031,0.476470588,0.237254902,0.001960784,0.035294118,0.29,-0.373,0.300393,0
P05055,0.483903735,0.253164557,0.033755274,0.091420534,0.44,-0.162,0.89667,0
P05057,0.475142732,0.233201581,0,0.04743083,-1.48,-0.339,-0.159189,0
P05102,0.461909616,0.241590214,0,0.036697248,0.08,-0.191,1.0465,0
P05221,0.397666667,0.38,0.36,0.315,-0.55,-0.488,0.40855,0
P05367,0.427686703,0.254098361,0.655737705,0.098360656,#N/A,-0.259,1.26415,0
P05404,0.5096997,0.213513514,0,0.040540541,0,-0.324,0.0862349,0
P05434,0.41130835,0.426035503,0.621301775,0.189349112,-0.78,-0.671,0.340349,0
P05661,0.404524861,0.347094801,0.05351682,0.117737003,1.78,-0.206,1.40661,0
P05769,0.483899566,0.224810716,0,0.034071054,1.72,-0.216,1.36163,0
P05798,0.455324074,0.177083333,0.177083333,0.166666667,#N/A,-0.239,-0.693669,0
P06008,0.489707149,0.244186047,0,0.050387597,-0.16,-0.391,-0.183447,0
P06149,0.450535124,0.262697023,0,0.033274956,-0.67,-0.281,0.91508,0
P06179,0.456071829,0.193939394,0,0.094949495,0.78,0.003,1.25863,0
P06437,0.455776794,0.226769912,0.030973451,0.157079646,1.82,-0.094,0.713664,0
P06491,0.495932395,0.183406114,0,0.048762737,1.35,-0.078,0.532291,0
P06492,0.470612245,0.232653061,0,0.124489796,1.03,-0.103,-0.135552,0
P06622,0.456568947,0.263843648,0,0,0.87,-0.378,0.391316,0
P06653,0.414675052,0.238993711,0,0,2.99,-0.193,1.15374,0
P06734,0.423156802,0.258566978,0.099688474,0.105919003,2.88,-0.281,0.112927,0
P06756,0.475498304,0.214694656,0.020992366,0.051526718,1.13,-0.194,1.10109,0
P06768,0.410116086,0.320895522,0,0,#N/A,-0.446,0.655804,0
P06855,0.440937615,0.302325581,0,0,-0.39,-0.39,0.702588,0
P06899,0.420546737,0.301587302,0.873015873,0.253968254,#N/A,-0.377,0.16801,0
P06935,0.483372206,0.22361516,0,0.033527697,1.99,-0.168,1.34694,0
P06988,0.49859191,0.202764977,0,0,0.56,-0.287,-0.319652,0
P06999,0.501330457,0.194174757,0,0,1.53,-0.329,0.314866,0
P07038,0.516437198,0.213043478,0.076086957,0.076086957,0.52,-0.27,0.846373,0
P07140,0.476836158,0.186440678,0,0.040061633,1.19,-0.114,0.727859,0
P07379,0.465737763,0.239549839,0,0.017684887,0.48,-0.292,0.880629,0
P07435,0.399720475,0.327044025,0.075471698,0,-0.01,-0.442,0.686335,0
P07485,0.520150659,0.288135593,1,0,#N/A,,-3.03256,0
P07512,0.472222222,0.131578947,1,0,#N/A,-0.38,-0.662811,0
P07516,0.34229923,0.351485149,1,0.207920792,0.92,-0.311,0.461542,0
P07598,0.474082871,0.242280285,0,0.040380048,0.35,-0.362,0.356211,0
P07650,0.501237374,0.234090909,0,0.061363636,0.71,-0.329,0.487434,0
P07658,,0.229370629,0,0,#N/A,-0.077,0.705839,0
P07674,0.414742396,0.332402235,0.410614525,0.229050279,0.08,-0.3,1.23715,0
P07689,0.484938272,0.205555556,0,0.111111111,-1.07,-0.278,-0.356701,0
P07739,0.470610425,0.222222222,0,0,0.24,-0.215,0.115573,0
P07749,0.431384939,0.379146919,0.360189573,0,-1,-0.709,0.487401,0
P07805,0.486734962,0.231678487,0,0,0.85,-0.228,0.491387,0
P07845,0.474095238,0.2,0,0,2.23,-0.163,1.00738,0
P07862,0.508533043,0.205882353,0,0,0.2,-0.35,0.322919,0
P07902,0.437115215,0.211081794,0.034300792,0.073878628,1.03,-0.192,-0.509634,0
P07986,0.47056933,0.167355372,0,0.136363636,3.36,0.045,0.556713,0
P08008,0.487316083,0.123287671,0,0.168949772,1,-0.146,-0.0855652,0
P08033,0.52155477,0.183745583,0.010600707,0.035335689,-0.49,-0.33,-0.496598,0
P08083,0.449095607,0.222222222,0.144702842,0.196382429,7.08,0.155,2.29896,0
P08170,0.465646934,0.222884386,0,0.022646007,1.18,-0.207,0.73178,0
P08179,0.486268344,0.212264151,0,0,-0.25,-0.379,0.038323,0
P08245,0.453497942,0.333333333,1,0.157407407,#N/A,-0.546,1.13915,0
P08253,0.45040404,0.239393939,0,0.046969697,2.7,-0.314,1.298,0
P08337,0.447200689,0.286821705,0.069767442,0,#N/A,-0.495,-0.120311,0
P08476,0.444027126,0.272300469,0,0.068075117,0.85,-0.249,0.72224,0
P08510,0.463070399,0.20610687,0.077862595,0.265648855,2.46,0.539,0.479544,0
P08515,0.460142712,0.288990826,0,0.073394495,-1.27,-0.462,-0.027803,0
P08523,0.436537151,0.294478528,0.159509202,0,-1.23,-0.414,-0.279271,0
P08669,0.488979407,0.16904277,0,0.050916497,1.96,-0.083,0.161394,0
P08773,0.452258356,0.25203252,0,0,-1.01,-0.193,0.488251,0
P08799,0.396334804,0.391304348,0.480151229,0.140831758,0.59,-0.054,1.33979,0
P08870,0.491027647,0.258215962,0,0,-1.13,-0.408,0.390287,0
P08900,0.440740741,0.212121212,1,0,#N/A,-0.527,-0.879795,0
P09029,0.484507042,0.188732394,0,0.036619718,0.1,-0.147,0.0273456,0
P09030,0.438308458,0.276119403,0,0,-0.01,-0.247,0.407962,0
P09041,0.489555023,0.24940048,0,0.035971223,-0.03,-0.305,1.16307,0
P09147,0.465417488,0.201183432,0,0,0.35,-0.164,0.774579,0
P09155,0.483348148,0.234666667,0,0.04,-1.01,-0.414,-0.73423,0
P09163,0.486016629,0.25170068,0,0,-0.2,-0.384,-0.270695,0
P09237,0.459009571,0.213483146,0.029962547,0,2.42,-0.143,0.751823,0
P09353,0.481337648,0.213592233,0.116504854,0,#N/A,-0.367,0.576969,0
P09415,0.447407407,0.333333333,0.316666667,0.1,#N/A,-0.549,0.342228,0
P09546,0.485420875,0.209090909,0,0.014393939,0.59,-0.136,0.64182,0
P09883,0.420561283,0.257731959,0.293814433,0.341924399,10.41,0.167,2.10063,0
P09919,0.525120773,0.120772947,0,0,-1.33,-0.252,-1.17009,0
P09963,0.46651446,0.253424658,0.01369863,0,-2.28,-0.353,0.203654,0
P09964,0.458834244,0.278688525,1,0,#N/A,-0.528,-1.09608,0
P09983,0.453133485,0.238514174,0,0.122189638,3.24,-0.087,2.35321,0
P0A006,0.442493639,0.297709924,0,0,#N/A,-0.507,0.078884,0
P0A0H5,0.453561254,0.299145299,0,0,#N/A,-0.444,-0.0339124,0
P0A0N2,0.477584877,0.243055556,0,0.076388889,-0.24,-0.267,0.51264,0
P0A0U5,0.48974359,0.299145299,0,0,#N/A,-0.752,-1.04652,0
P0A1L5,0.646816479,0.078651685,0,0.280898876,#N/A,-0.501,-2.78146,0
P0A1M4,0.627131783,0.081395349,0,0.337209302,#N/A,-0.48,-1.21807,0
P0A2N1,0.426740433,0.228215768,0,0.066390041,0.12,-0.079,0.44305,0
P0A2Y6,0.454495991,0.283505155,0,0.072164948,1.31,-0.311,1.10085,0
P0A377,0.471335791,0.139020537,0,0.033175355,1.45,0.024,0.83484,0
P0A3B2,0.466904631,0.270181219,0,0.046128501,1.55,-0.234,1.08129,0
P0A3M7,0.457596372,0.275510204,1,0,#N/A,-0.445,-0.538613,0
P0A3Q9,0.445299145,0.259615385,0,0,0.24,-0.346,0.489754,0
P0A3V4,0.48996997,0.232432432,0,0.059459459,0.39,-0.274,0.641102,0
P0A431,0.474183007,0.231617647,0,0,0.11,-0.294,0.0922627,0
P0A4T9,0.424681599,0.304347826,0,0.086956522,0.77,-0.4,0.0301879,0
P0A6C1,0.477387914,0.231578947,0,0.087719298,0.42,-0.385,-0.00053907,0
P0A6C8,0.523729543,0.19379845,0,0.073643411,-1.05,-0.33,0.451022,0
P0A6D3,0.499453552,0.201405152,0,0.084309133,-0.03,-0.116,0.350624,0
P0A6D5,0.491203704,0.211805556,0,0,0.06,-0.34,0.602289,0
P0A6F9,0.49954181,0.298969072,0.309278351,0,#N/A,-0.535,0.633555,0
P0A6G1,0.49954181,0.298969072,0.309278351,0,#N/A,-0.535,0.633555,0
P0A6I6,0.500698812,0.188679245,0,0,-1.43,-0.289,-1.15203,0
P0A6L2,0.507420091,0.195205479,0,0,-0.19,-0.251,-0.0338798,0
P0A6V5,0.470576132,0.194444444,0.037037037,0,#N/A,-0.125,-0.436745,0
P0A6X3,0.443899782,0.156862745,1,0,#N/A,-0.033,-0.015633,0
P0A707,0.425493827,0.355555556,0.127777778,0.122222222,-1.29,-0.582,0.531376,0
P0A731,0.504239766,0.177631579,0,0,-1.24,-0.216,-0.970441,0
P0A752,0.449191445,0.20657277,0,0,-0.69,-0.319,-0.687609,0
P0A759,0.479490393,0.214285714,0,0.045112782,-0.17,-0.298,0.00824941,0
P0A780,0.475619504,0.287769784,0,0,#N/A,-0.461,-0.70298,0
P0A7D7,0.458931083,0.316455696,0,0,-0.43,-0.386,0.497562,0
P0A7E1,0.48776455,0.223214286,0,0.029761905,0.53,-0.324,0.89435,0
P0A7F3,0.469716776,0.248366013,0,0,-1.44,-0.353,-0.411017,0
P0A7G2,0.45572264,0.323308271,0.07518797,0,#N/A,-0.522,-0.404629,0
P0A7J0,0.483614951,0.235023041,0,0,-0.05,-0.317,-0.157311,0
P0A7K2,0.532782369,0.297520661,0.842975207,0.314049587,#N/A,-0.656,-0.707865,0
P0A7M9,0.427936508,0.285714286,1,0,#N/A,-0.485,-0.0285217,0
P0A7U3,0.43115942,0.304347826,1,0,#N/A,-0.422,0.058873,0
P0A7Y8,0.448459384,0.285714286,0.218487395,0,#N/A,-0.322,-0.63442,0
P0A825,0.474100719,0.223021583,0,0.040767386,1.31,-0.109,1.0579,0
P0A836,0.502634593,0.231958763,0,0.069587629,-0.36,-0.281,1.01197,0
P0A877,0.513640133,0.201492537,0,0.082089552,-0.86,-0.259,-0.166899,0
P0A881,0.452880658,0.268518519,0.953703704,0.092592593,#N/A,-0.467,-1.04784,0
P0A882,0.452880658,0.268518519,0.953703704,0.092592593,#N/A,-0.467,-1.04784,0
P0A890,0.474759945,0.259259259,1,0,#N/A,-0.561,-1.45662,0
P0A8H8,0.431623932,0.292307692,1,0,#N/A,-0.74,-1.39709,0
P0A8H9,0.431623932,0.292307692,1,0,#N/A,-0.74,-1.39709,0
P0A8I8,0.465663082,0.258064516,0,0,-0.75,-0.5,-0.473925,0
P0A8N3,0.455951595,0.289108911,0,0,-0.16,-0.265,0.657944,0
P0A8Q6,0.479979036,0.273584906,0.283018868,0,#N/A,-0.511,-1.36102,0
P0A8S9,0.478831418,0.215517241,0,0,#N/A,-0.341,-1.72785,0
P0A8U0,0.469306323,0.226519337,0,0,-0.75,-0.283,-1.03371,0
P0A8V0,0.493224044,0.2,0,0,0.25,-0.344,0.422288,0
P0A903,0.470542636,0.191860465,0,0.151162791,-0.03,-0.148,0.238628,0
P0A955,0.535785081,0.197183099,0,0,0.18,-0.327,-0.235018,0
P0A993,0.475368139,0.246987952,0,0,0.32,-0.292,0.799605,0
P0A9D2,0.475511332,0.253731343,0,0.059701493,-0.78,-0.428,-0.583241,0
P0A9D4,0.5002035,0.194139194,0,0,0.31,-0.293,0.324929,0
P0A9I5,0.492720307,0.195402299,1,0,#N/A,-0.499,-1.50348,0
P0A9K9,0.457482993,0.234693878,0,0.244897959,3.51,-0.443,1.5346,0
P0A9Q9,0.496760521,0.204359673,0,0,-0.44,-0.243,0.429917,0
P0A9S5,0.518952467,0.190735695,0,0,-0.31,-0.358,0.146382,0
P0A9T4,0.464097624,0.208092486,0,0,-0.54,-0.238,0.208637,0
P0A9W6,0.470502646,0.214285714,0.702380952,0,#N/A,-0.321,-0.479364,0
P0AA10,0.439984351,0.281690141,0,0,-0.99,-0.389,0.345462,0
P0AA43,0.45969216,0.251082251,0,0,0.15,-0.294,-0.0397605,0
P0AAC0,0.476969058,0.227848101,0,0,-1.31,-0.334,-0.230559,0
P0AAM3,0.497407407,0.233333333,0.633333333,0,#N/A,-0.416,-0.0945987,0
P0AAN1,0.494032922,0.179012346,0,0,-1.1,-0.38,-0.849052,0
P0AAS7,0.511269841,0.214285714,1,0,#N/A,-0.635,-0.486372,0
P0AAV8,0.508222222,0.188571429,0,0,0.53,-0.266,0.486192,0
P0AB38,0.476160668,0.136150235,0.056338028,0.164319249,-0.25,-0.048,-0.19253,0
P0AB65,0.456280193,0.260869565,0.913043478,0,#N/A,-0.431,0.343404,0
P0AB77,0.494500279,0.228643216,0,0.037688442,0.32,-0.223,0.596539,0
P0ABD3,0.447538678,0.316455696,0,0,-1.01,-0.546,0.176194,0
P0ABF6,0.500113379,0.173469388,0,0.047619048,-0.35,-0.206,-0.299772,0
P0ABI8,0.573135579,0.116138763,0,0.027149321,-0.29,-0.271,0.160774,0
P0ABJ3,0.580119826,0.098039216,0,0.112745098,-1.14,-0.327,-0.549737,0
P0ABS1,0.403826343,0.377483444,0.562913907,0.099337748,-1.71,-0.444,-0.439163,0
P0AC13,0.49751773,0.216312057,0,0,0.14,-0.293,0.0593304,0
P0AC41,0.463983371,0.232993197,0,0.035714286,1.39,-0.186,1.03372,0
P0AC55,0.507440476,0.294642857,0.080357143,0,#N/A,-0.583,0.167144,0
P0AC59,0.470697674,0.265116279,0,0,0.05,-0.417,-0.148636,0
P0AC69,0.469758454,0.234782609,0.643478261,0,#N/A,-0.348,-0.890169,0
P0AC92,0.439376218,0.368421053,1,0,#N/A,,-1.04014,0
P0ACE3,0.436728395,0.333333333,1,0,#N/A,-0.649,-1.83171,0
P0ACE7,0.49309057,0.210084034,0,0,#N/A,-0.35,-0.643977,0
P0ACN7,0.484164223,0.2228739,0,0,-1.3,-0.28,-0.200387,0
P0ACX9,0.405643739,0.285714286,1,0,#N/A,-0.466,-0.725752,0
P0AD27,0.486461889,0.179180887,0,0.058020478,1.35,-0.09,0.051375,0
P0AD49,0.440511308,0.265486726,0.707964602,0,#N/A,-0.387,-0.707718,0
P0AD62,0.490898345,0.24893617,0,0,0.05,-0.34,0.760661,0
P0ADC1,0.472020725,0.238341969,0,0.170984456,-1.05,-0.292,-0.720492,0
P0ADE6,0.44906786,0.255033557,0.234899329,0,-0.1,-0.248,0.685518,0
P0ADF8,0.477662037,0.21875,0.020833333,0,#N/A,-0.483,-1.07143,0
P0ADV9,0.458638743,0.22513089,0,0,-1.56,-0.316,-0.504815,0
P0AE05,0.477275581,0.282485876,0,0,-0.11,-0.572,-0.52151,0
P0AE70,0.48968969,0.216216216,0.117117117,0,#N/A,-0.36,-0.345021,0
P0AE72,0.466802168,0.292682927,1,0,#N/A,-0.645,-0.956703,0
P0AE98,0.459661836,0.137681159,0,0.115942029,#N/A,0.081,0.616762,0
P0AEJ6,0.492273731,0.216335541,0,0,0.21,-0.215,0.656114,0
P0AEL3,0.505925926,0.226666667,0.84,0,#N/A,-0.454,-1.39356,0
P0AEN8,0.519920635,0.221428571,0,0,-0.33,-0.466,-0.970964,0
P0AES9,0.476868687,0.272727273,0.918181818,0.254545455,#N/A,-0.486,-0.36134,0
P0AET8,0.515424837,0.17254902,0,0.078431373,-0.97,-0.262,0.40739,0
P0AEV9,0.502564103,0.230769231,0,0,-0.95,-0.403,0.0278683,0
P0AF18,0.508871437,0.19895288,0,0,-0.12,-0.343,0.478727,0
P0AF24,0.512133333,0.192,0,0,-0.12,-0.299,0.208375,0
P0AF61,0.483333333,0.244897959,0.183673469,0,#N/A,-0.253,-1.17465,0
P0AFC3,0.562811791,0.170068027,0,0,-1.72,-0.512,-0.864358,0
P0AFC7,0.464393939,0.236363636,0,0,-0.47,-0.331,-0.114757,0
P0AFD1,0.456492637,0.234939759,0,0,-0.42,-0.355,-0.494524,0
P0AFD6,0.463641975,0.283333333,0.061111111,0,-0.5,-0.527,-0.279402,0
P0AFE0,0.601449275,0.141304348,0.070652174,0.130434783,-1.45,-0.438,-0.669215,0
P0AFG0,0.456537753,0.29281768,0,0,-0.58,-0.355,0.38898,0
P0AFG8,0.451459351,0.248027057,0,0,0.69,-0.148,1.33013,0
P0AFR4,0.465426106,0.252427184,0,0,0.52,-0.385,0.144928,0
P0AFW8,0.454497354,0.285714286,1,0,#N/A,-0.602,-1.17576,0
P0AFX0,0.455789474,0.263157895,0.452631579,0,#N/A,-0.479,-0.397524,0
P0AFX7,0.433384774,0.180555556,0.180555556,0.12037037,-1.04,0.06,-0.810141,0
P0AFZ3,0.451986532,0.260606061,0.296969697,0.157575758,0.92,-0.309,-0.309361,0
P0AG16,0.473047305,0.24950495,0,0,0.04,-0.05,0.647799,0
P0AG30,0.46690533,0.279236277,0,0.026252983,0.31,-0.272,0.581216,0
P0AG44,0.437270341,0.307086614,0,0,#N/A,-0.416,-0.207068,0
P0AG48,0.459007551,0.291262136,0.514563107,0,#N/A,-0.59,0.878603,0
P0AG63,0.467460317,0.333333333,1,0,#N/A,-0.733,-0.713843,0
P0AG74,0.435,0.275,0,0,#N/A,-0.273,-0.397426,0
P0AGA2,0.566942563,0.133182844,0,0.074492099,-0.24,-0.206,0.192301,0
P0C018,0.456125356,0.290598291,0.769230769,0.205128205,#N/A,-0.461,-0.234708,0
P0C0F4,0.476893311,0.246268657,0,0.109452736,-0.26,-0.115,0.344744,0
P0C0L2,0.486480186,0.216783217,0,0,-0.07,-0.332,0.311664,0
P0C0L9,0.442255892,0.348484848,1,0,#N/A,-0.763,-1.8825,0
P0C0X8,0.426612903,0.258064516,0.677419355,0,#N/A,-0.279,0.973773,0
P0C0Y1,0.522902494,0.142857143,1,0,#N/A,,-2.20722,0
P0C0Y7,0.493803419,0.207692308,0,0,0.5,-0.324,0.343339,0
P0C1H4,0.416049383,0.301587302,0.873015873,0.26984127,#N/A,-0.377,0.192595,0
P0C1Z0,0.412204007,0.229508197,1,0,#N/A,-0.479,-1.04045,0
P0C5S4,0.471832359,0.245614035,0,0,#N/A,-0.493,-0.829205,0
P0C872,0.476230661,0.196202532,0,0.037974684,-0.41,-0.285,-0.916697,0
P0C8E0,0.398830409,0.368421053,1,0,#N/A,,-1.45735,0
P0C8E1,0.366666667,0.421052632,1,0,#N/A,,-2.91261,0
P0C8Y5,0.431893004,0.203703704,1,0.277777778,#N/A,,-0.758929,0
P0CE48,0.478116187,0.271573604,0,0.129441624,1.35,-0.304,0.823079,0
P0CF51,0.468336545,0.248554913,0,0,-1.39,-0.455,-0.873457,0
P0CG30,0.49571949,0.225409836,0,0,-0.88,-0.48,-0.510189,0
P0CI78,0.428478964,0.300970874,1,0,#N/A,-0.329,1.24896,0
P0CJ63,0.479822222,0.236,0,0,-1.25,-0.43,0.150188,0
P0CL16,0.528927203,0.172413793,0,0,#N/A,-0.394,-1.31195,0
P0CL52,0.444444444,0.235036496,0,0.091970803,1.72,-0.019,0.836703,0
P0CT50,0.449809524,0.257142857,0,0.034285714,0.46,-0.339,0.833011,0
P0CU43,0.369394841,0.348214286,0.995535714,0.178571429,2.55,-0.053,0.230624,0
P0CU44,0.370337302,0.348214286,0.964285714,0.178571429,2.65,-0.053,0.242337,0
P0CU45,0.390699951,0.348017621,0.77092511,0.066079295,2.01,-0.344,0.209078,0
P0CU46,0.402437881,0.341772152,1,0.05907173,2.59,-0.288,0.19828,0
P0CU47,0.408346753,0.270531401,0.309178744,0.115942029,1.72,0.103,0.387624,0
P0CU48,0.390602056,0.348017621,0.986784141,0.136563877,2.07,-0.344,0.194915,0
P0CU49,0.386788049,0.31092437,0.848739496,0.113445378,-0.59,-0.151,1.17689,0
P0CU50,0.390602056,0.348017621,0.986784141,0.136563877,2.07,-0.344,0.194915,0
P0CU51,0.400630762,0.336244541,0.602620087,0.065502183,1.28,-0.202,-0.158813,0
P0CU52,0.380714635,0.343612335,0.207048458,0,3.17,-0.084,-0.138149,0
P0DJ89,0.423672931,0.145400593,0.139465875,0.216617211,0.01,-0.088,-0.907484,0
P0DKY4,0.44055984,0.287917738,0,0.033419023,0.65,-0.38,0.789248,0
P0DMC7,0.502366255,0.240740741,0,0,-0.73,-0.433,0.0712553,0
P0DN86,0.496094276,0.16969697,0.266666667,0.16969697,1.39,-0.373,-1.24365,0
P0DOC6,0.416790657,0.369330454,0,0.146148308,0.41,-0.264,1.79994,0
P0DOE3,0.441828336,0.275132275,0,0,-1.68,-0.268,0.673805,0
P0DOY9,0.447745572,0.333333333,0.028985507,0,#N/A,-0.465,0.476538,0
P0DPB9,0.489586688,0.217391304,0,0,-2.02,-0.379,-1.05013,0
P0DPR1,0.430691531,0.167832168,0,0,-1.34,-0.05,0.196712,0
P0DTC1,0.497409509,0.194551646,0,0.044040863,2.02,-0.157,1.0758,0
P0DTC3,0.530505051,0.149090909,0,0,0.03,-0.35,-0.747331,0
P0DTC7,0.535353535,0.181818182,0,0.099173554,#N/A,-0.401,-1.83949,0
P0DTH5,0.485786052,0.178191489,0,0,0.63,-0.226,-0.190128,0
P10163,0.313046595,0.14516129,1,0.919354839,7.42,0.342,2.69779,0
P10172,0.493219201,0.178247734,0,0.066465257,-0.89,-0.15,0.481537,0
P10175,0.512698413,0.157142857,1,0,#N/A,-0.473,-1.89661,0
P10245,0.473662551,0.308641975,1,0.111111111,#N/A,-0.615,-0.810239,0
P10388,0.339150943,0.043632075,0.662735849,0.784198113,5.39,0.885,3.16132,0
P10565,0.442410714,0.229910714,0,0,0.52,-0.187,0.55436,0
P10584,0.49490316,0.23853211,0,0.073394495,0.18,-0.181,0.21638,0
P10674,0.481475801,0.214723926,0,0.036809816,0.37,-0.181,0.582294,0
P10761,0.49389413,0.162735849,0,0.061320755,1.1,-0.291,-0.283878,0
P10793,0.495747599,0.209876543,0.407407407,0,#N/A,-0.676,-2.22433,0
P10807,0.507480315,0.192913386,0,0,-0.34,-0.238,0.0517508,0
P10922,0.383333333,0.365979381,1,0.546391753,-0.07,-0.321,0.77355,0
P10923,0.386545729,0.31292517,0.867346939,0.142857143,1.2,-0.353,0.230918,0
P10927,0.486844136,0.197916667,0,0,0.32,-0.135,0.665393,0
P11157,0.472507123,0.266666667,0,0.030769231,0.53,-0.425,-0.280758,0
P11347,0.48216885,0.233624454,0,0,1.12,-0.198,0.899561,0
P11350,0.563901235,0.124444444,0,0.053333333,-0.61,-0.263,-0.385403,0
P11405,0.438549618,0.297709924,0,0.061068702,0.48,-0.406,0.598531,0
P11409,0.46005291,0.25,0,0,-0.4,-0.227,0.53564,0
P11540,0.468148148,0.266666667,0.733333333,0,#N/A,-0.644,-0.998195,0
P11546,0.43622982,0.267094017,0,0,0.54,-0.37,1.25492,0
P11732,0.478580991,0.21686747,1,0,#N/A,-0.349,0.754176,0
P11759,0.494291539,0.245412844,0,0,-0.02,-0.261,0.825219,0
P11795,0.513029782,0.136597938,0,0.033505155,1.22,-0.095,0.701069,0
P11859,0.50193338,0.167714885,0,0,1.14,-0.163,0.0309557,0
P11899,0.479693487,0.344827586,0.620689655,0,#N/A,-0.686,-1.02593,0
P11904,0.468472222,0.234375,0,0.046875,-0.52,-0.343,0.680568,0
P12039,0.490573986,0.253554502,0,0.04028436,1.34,-0.312,0.846602,0
P12081,0.471949356,0.308447937,0.00589391,0.037328094,0.68,-0.359,0.743362,0
P12296,0.474691089,0.201918884,0,0.012211077,2.24,0.064,0.794198,0
P12301,0.467385057,0.219827586,0,0.051724138,0.71,-0.165,0.102325,0
P12302,0.463420724,0.220973783,0,0,0.68,-0.196,0.958091,0
P12335,0.468906115,0.209302326,0.310077519,0,#N/A,-0.364,0.25596,0
P12355,0.484704185,0.220779221,0,0.164502165,0.6,-0.352,-0.121258,0
P12357,0.484697272,0.137724551,0,0.25748503,-0.76,-0.064,-0.381711,0
P12359,0.461512718,0.228915663,0.153614458,0.048192771,0.76,-0.315,1.13443,0
P12425,0.466216216,0.268018018,0,0,0.83,-0.282,0.528028,0
P12537,0.439981007,0.218803419,0.018803419,0.099145299,1.35,-0.069,0.409073,0
P12579,0.399953896,0.336099585,0.439834025,0.041493776,-0.12,-0.348,0.383785,0
P12735,0.432429991,0.317073171,0.593495935,0.077235772,1.91,-0.211,0.504929,0
P12736,0.395896727,0.385892116,1,0.20746888,0.96,-0.386,1.17958,0
P12745,0.46012506,0.246753247,0,0,-1.13,-0.271,0.150874,0
P12758,0.502415459,0.201581028,0,0,0.08,-0.281,-0.203377,0
P12770,0.385065711,0.365591398,1,0,#N/A,-0.415,0.463061,0
P12810,0.442825607,0.357615894,0.688741722,0.178807947,-0.67,-0.566,0.311795,0
P12823,0.474144038,0.231995277,0,0.028335301,1.91,-0.199,1.26989,0
P12950,0.368716931,0.220238095,1,0.636904762,5.15,0.127,4.26838,0
P12994,0.479957806,0.189873418,0,0,1.06,-0.367,0.597339,0
P12995,0.502305102,0.188811189,0,0.03030303,1.18,-0.235,-0.242843,0
P12996,0.457514451,0.231213873,0,0,-0.19,-0.214,-0.153945,0
P13021,0.439787582,0.279411765,0,0,0.07,-0.422,0.320698,0
P13022,0.4466983,0.206405694,0,0,0.07,-0.152,0.338291,0
P13035,0.457285429,0.25748503,0,0.095808383,-0.22,-0.31,0.72456,0
P13123,0.389057239,0.454545455,1,0,#N/A,-0.787,0.504031,0
P13199,0.459285905,0.213429257,0.184652278,0.134292566,2.05,-0.22,-0.603171,0
P13231,0.398022599,0.194915254,0,0.13559322,#N/A,-0.421,1.10818,0
P13254,0.502847571,0.163316583,0,0.047738693,2,-0.135,0.372351,0
P13255,0.471331058,0.232081911,0,0,0.62,-0.276,0.504439,0
P13312,0.435584604,0.31372549,0,0,0.09,-0.542,-0.172797,0
P13333,0.455351057,0.257668712,0,0,-0.57,-0.381,0.0959382,0
P13338,0.463293651,0.321428571,0.883928571,0.133928571,#N/A,-0.628,-0.749275,0
P13340,0.403750885,0.292993631,0,0,-0.56,-0.364,0.867315,0
P13342,0.460573477,0.290322581,0,0,-1.17,-0.408,0.226818,0
P13449,0.463993711,0.240566038,0,0,0.58,-0.425,0.439179,0
P13476,0.460508701,0.265060241,1,0,#N/A,-0.522,-0.226524,0
P13479,0.429069767,0.26744186,1,0,#N/A,-0.539,-0.479838,0
P13551,0.473773919,0.274963821,0,0.013024602,0.54,-0.245,0.856338,0
P13848,0.404648526,0.367346939,1,0,#N/A,-0.526,-0.697737,0
P13887,,0.237096774,0,0.04233871,#N/A,-0.217,0.667091,0
P14061,0.50647019,0.219512195,0.12195122,0.112804878,0.04,-0.348,0.326971,0
P14070,0.464226076,0.283236994,0,0,0.66,-0.509,0.470249,0
P14121,0.446897547,0.272727273,0,0,-1.11,-0.447,-0.0368365,0
P14335,0.481638994,0.224584911,0,0.042528401,2.63,-0.15,1.32223,0
P14340,0.474779645,0.231495134,0,0.035387791,1.88,-0.214,1.28897,0
P14421,0.426320583,0.262295082,0,0.090163934,#N/A,-0.402,0.497154,0
P14602,0.450930356,0.229665072,0.076555024,0,0.09,-0.315,-0.44359,0
P14738,0.397118533,0.264243615,0.166011788,0.111001965,4.03,-0.042,1.7673,0
P14916,0.450280112,0.327731092,0.033613445,0,-0.57,-0.558,0.994421,0
P14941,0.514015152,0.224431818,0,0.088068182,0.25,-0.321,1.07082,0
P15093,0.459807956,0.277777778,0,0.074074074,-0.02,-0.433,-0.704222,0
P15183,0.494415205,0.157894737,0,0.123684211,0.49,-0.103,0.698308,0
P15273,0.452065527,0.205128205,0,0.074786325,0.79,-0.156,0.413892,0
P15281,0.413142174,0.376344086,1,0,#N/A,-0.762,0.0448409,0
P15309,0.466580311,0.215025907,0,0.093264249,0.09,-0.316,-0.27718,0
P15340,0.192831541,0.580645161,1,0.967741935,#N/A,-0.258,1.12506,0
P15382,0.467958656,0.201550388,0.062015504,0,#N/A,-0.31,-0.563737,0
P15445,0.443323996,0.210084034,0,0,#N/A,-0.387,-0.348648,0
P15569,0.520294785,0.112244898,0.142857143,0.112244898,#N/A,-0.29,-2.09109,0
P15659,0.447920546,0.291899441,0,0.020949721,0.1,-0.364,0.471229,0
P15794,0.483477902,0.237918216,0,0,-1.42,-0.347,0.213554,0
P15825,0.452426564,0.310344828,0.247126437,0.117816092,0.57,-0.3,0.379489,0
P15865,0.408675799,0.333333333,1,0.675799087,0.4,-0.435,0.999061,0
P16006,0.463270006,0.21761658,0,0,-0.69,-0.386,0.378885,0
P16009,0.446164251,0.231304348,0,0.012173913,1.76,-0.137,1.47145,0
P16050,0.481570997,0.229607251,0,0.061933535,0.84,-0.288,0.343715,0
P16113,0.454755556,0.256,0,0,#N/A,-0.35,0.886738,0
P16243,0.482075472,0.216981132,0.004716981,0.077044025,-0.14,-0.206,0.606323,0
P16328,0.455888651,0.237687366,0,0.049250535,-0.52,-0.125,0.557268,0
P16442,0.491211551,0.220338983,0,0.070621469,-0.32,-0.214,-0.280856,0
P16458,0.430505051,0.285714286,0.225974026,0.327272727,0.19,-0.313,1.52307,0
P16535,0.461023668,0.230849948,0,0.051416579,1.35,-0.211,2.04184,0
P16589,0.470505051,0.236363636,0.945454545,0,#N/A,,-1.54636,0
P16641,0.459383378,0.254691689,0,0,1.18,-0.297,1.06561,0
P16686,0.516895762,0.159793814,0,0,-0.83,-0.272,-1.28908,0
P17109,0.485871303,0.188848921,0,0,0,-0.231,0.038323,0
P17117,0.482824074,0.208333333,0,0.1,-0.76,-0.363,-0.37926,0
P17120,0.427683934,0.28125,0.096283784,0.034628378,1.07,-0.216,0.854443,0
P17497,0.413253012,0.240963855,1,0,#N/A,-0.49,-0.529808,0
P17560,0.460751797,0.26119403,0,0,-0.23,-0.396,0.217539,0
P17639,0.348309179,0.347826087,1,0,#N/A,-0.216,2.57449,0
P17726,0.401481481,0.3,1,0,#N/A,-0.57,0.018214,0
P17763,0.477424004,0.224056604,0,0.026533019,2.02,-0.183,1.28413,0
P17778,0.456234719,0.232273839,0,0.193154034,0.38,-0.332,-0.298808,0
P17810,0.495311496,0.213872832,0.112716763,0.092485549,-0.47,-0.172,0.24366,0
P17893,0.46316182,0.275167785,0,0,-0.43,-0.264,-0.434229,0
P17906,0.452205472,0.24120603,0,0,-0.18,-0.218,0.453848,0
P17978,0.457859532,0.230769231,0,0.040133779,0.74,-0.309,1.03268,0
P18065,0.451145299,0.218461538,0,0.147692308,1.41,-0.286,0.737742,0
P18212,0.462767296,0.20754717,0,0,0.42,-0.286,0.585528,0
P18272,0.423169448,0.255751015,0.092016238,0.119079838,2.82,-0.037,0.728758,0
P18316,0.499777778,0.27,0.59,0,#N/A,-0.529,-1.05788,0
P18507,0.485426901,0.208421053,0,0.075789474,0.43,-0.358,-0.210368,0
P18564,0.480682459,0.211928934,0,0.052030457,4.4,-0.301,0.692656,0
P18670,0.494152047,0.157894737,0,0,#N/A,-0.265,1.22055,0
P18797,0.468242711,0.276595745,0,0,-3.17,-0.535,0.269503,0
P18912,0.48965031,0.294416244,0,0,0.2,-0.443,0.894938,0
P19062,0.448037259,0.24251497,0,0,1.26,-0.312,0.213129,0
P19080,0.474103237,0.275590551,0,0,#N/A,-0.449,-1.34016,0
P19250,0.465079365,0.211640212,0,0,0.3,-0.207,-0.114708,0
P19267,0.471819646,0.391304348,1,0,#N/A,-0.785,-0.991546,0
P19339,0.431450094,0.18079096,0,0.223163842,6.69,0.257,1.76737,0
P19398,0.423297491,0.306451613,1,0,#N/A,-0.741,-1.39734,0
P19480,0.4901045,0.234165067,0,0.053742802,0.49,-0.315,0.923362,0
P19569,0.426713948,0.24822695,0.787234043,0,-0.7,-0.372,0.71564,0
P19594,0.39374121,0.35443038,0.449367089,0.253164557,0.35,-0.455,-0.451153,0
P19599,0.413678451,0.162878788,0.15530303,0.310606061,1.96,0.162,0.499408,0
P19608,0.525694444,0.09375,1,0,#N/A,-0.212,-1.74551,0
P19624,0.52134414,0.17325228,0,0,-0.24,-0.248,-0.0152247,0
P19711,0.472166499,0.240471414,0,0.029338014,1.88,-0.226,1.4565,0
P19731,0.454197531,0.311111111,0.533333333,0,#N/A,-0.508,-0.906504,0
P19914,0.494967093,0.222996516,0,0.104529617,0.21,-0.319,0.248985,0
P19957,0.518233618,0.196581197,0.367521368,0,#N/A,-0.349,-0.179968,0
P20116,0.43747927,0.23880597,1,0,#N/A,-0.38,-0.468403,0
P20239,0.485242325,0.203366059,0,0.040673212,0.57,-0.274,0.105331,0
P20351,0.458047493,0.284960422,0,0.042216359,-0.67,-0.246,-0.0661423,0
P20586,0.471291596,0.26142132,0,0,-0.44,-0.395,0.356881,0
P21332,0.422720032,0.288530466,0,0.023297491,-0.63,-0.243,0.967174,0
P21401,0.491887125,0.207184628,0,0.06182122,1,-0.296,0.694323,0
P21447,0.503108673,0.212382445,0.01645768,0.062695925,0.67,-0.177,1.09526,0
P21583,0.478795279,0.249084249,0,0.087912088,0.37,-0.304,-0.491828,0
P21795,0.485871404,0.210659898,0,0,0.54,-0.216,0.646558,0
P21815,0.345811427,0.318611987,0.804416404,0.416403785,2.5,-0.207,2.04118,0
P21888,0.453892504,0.271149675,0.004338395,0.067245119,0.7,-0.248,0.44885,0
P21952,0.449418461,0.153674833,0.093541203,0.456570156,4.69,0.122,2.36511,0
P22033,0.471140741,0.248,0,0.038666667,0.5,-0.261,0.790865,0
P22069,0.455128205,0.230769231,0,0,#N/A,-0.548,-0.96719,0
P22121,0.39834236,0.203840473,0.153618907,0.097488922,2.81,0.648,1.58547,0
P22173,0.446863905,0.24260355,0.052071006,0.016568047,0.71,-0.132,0.594546,0
P22179,0.490895062,0.166666667,0,0.104166667,0.79,-0.274,0.273064,0
P22239,0.372043011,0.193548387,1,0.574193548,7.37,0.158,4.22607,0
P22262,0.480590717,0.202531646,0,0,-0.49,-0.375,0.193788,0
P22346,0.45958934,0.256880734,0,0.015727392,0.36,-0.2,0.68328,0
P22449,0.468729489,0.225738397,0.094936709,0.078059072,1.57,-0.095,0.0345985,0
P22472,0.499073165,0.192345437,0,0.01373896,0.29,-0.104,0.326464,0
P22473,0.474352218,0.225296443,0,0,0.26,-0.104,0.668366,0
P22498,0.43728698,0.239263804,0,0,2.94,-0.227,1.1581,0
P22605,0.457538036,0.217842324,0.082987552,0.132780083,2.5,-0.132,-0.116439,0
P22643,0.473978495,0.229032258,0,0,1.23,-0.314,-0.21437,0
P22868,0.469572158,0.25,0,0.020114943,-0.05,-0.313,0.410233,0
P22914,0.423907615,0.264044944,0,0,1.89,-0.218,0.177485,0
P22995,0.44270415,0.277108434,1,0,#N/A,-0.367,-0.315029,0
P23003,0.464238009,0.237704918,0,0,-1,-0.238,-0.41974,0
P23186,0.485662177,0.202020202,0,0,-0.14,-0.203,0.0345332,0
P23308,0.410721248,0.298245614,1,0,#N/A,,-1.46225,0
P23339,0.457598978,0.22605364,0,0,0.1,-0.248,0.598531,0
P23441,0.445340502,0.126344086,0,0.373655914,5.15,0.224,1.27108,0
P23457,0.462318841,0.276397516,0,0,-0.51,-0.332,0.0582196,0
P23632,0.516510903,0.214953271,1,0.224299065,#N/A,-0.407,-0.358253,0
P23670,0.478688525,0.241803279,0,0,-0.28,-0.355,-0.301112,0
P23677,0.439720415,0.279826464,0.084598698,0.145336226,1.09,-0.289,0.645071,0
P23756,0.445169082,0.268115942,0,0,#N/A,-0.454,-0.311975,0
P23828,0.429757344,0.367816092,1,0,#N/A,-0.636,-0.333456,0
P23869,0.465379404,0.225609756,0,0,-0.32,-0.158,0.923754,0
P24005,0.439849341,0.277966102,0.094915254,0.084745763,2.13,-0.23,0.46396,0
P24071,0.484862563,0.181184669,0,0.052264808,0.72,-0.2,-0.370227,0
P24146,0.480841335,0.181069959,0,0,0.4,-0.222,0.304052,0
P24203,0.490600978,0.242138365,0,0.047169811,-0.76,-0.385,0.124885,0
P24656,0.476719577,0.214285714,0,0,-1.5,-0.439,-0.376941,0
P24670,0.512301587,0.206349206,0,0,-1.27,-0.295,-0.68194,0
P24785,0.458537424,0.241299304,0.012374323,0.109822119,15.35,0.655,1.64563,0
P24931,0.451716114,0.277486911,0,0,-1.27,-0.421,0.216527,0
P24937,0.436711111,0.208,0,0.148,2.74,-0.097,0.652177,0
P25397,0.45820643,0.274111675,0,0,-0.15,-0.353,0.314768,0
P25814,0.391475096,0.370689655,0.956896552,0.094827586,#N/A,-0.446,0.101329,0
P25891,0.46162963,0.26,0,0.093333333,0.82,-0.353,-0.0282113,0
P26039,0.473286982,0.224321133,0.014954742,0.079496261,0.66,0.142,0.811252,0
P26332,0.453548086,0.224789916,0.027310924,0.092436975,0.16,-0.122,0.556876,0
P26477,0.431500573,0.268041237,1,0.103092784,#N/A,-0.347,-1.25659,0
P26662,0.501812477,0.171428571,0.01461794,0.069435216,3.89,-0.146,0.813996,0
P26747,0.478139535,0.218604651,0,0,0.05,-0.298,0.317349,0
P26789,0.586373166,0.056603774,0.867924528,0,#N/A,,-1.88263,0
P26902,0.484022709,0.226277372,0,0,0.8,-0.273,-0.0387967,0
P26997,0.454349699,0.291989664,0,0,0.42,-0.367,0.47827,0
P27000,0.447981956,0.307692308,0,0.134615385,0.63,-0.45,0.444978,0
P27058,0.350333333,0.44,1,0.195,0.62,-0.651,0.913152,0
P27088,0.390761548,0.38576779,0.191011236,0.217228464,-0.39,-0.482,0.229791,0
P27284,0.469005376,0.191129032,0.05483871,0.053225806,2.46,-0.109,0.579256,0
P27321,0.377808945,0.357643759,1,0.172510519,0.59,-0.273,1.02846,0
P27356,0.512640902,0.239130435,0,0.123188406,#N/A,-0.511,0.0115818,0
P27392,0.484995252,0.11965812,0.435897436,0.170940171,#N/A,0.03,-0.613838,0
P27395,0.48237827,0.223776224,0,0.02534965,2.05,-0.171,1.39626,0
P27505,0.453652058,0.227091633,0,0,-1.3,-0.242,-0.586149,0
P27577,0.442777778,0.256818182,0,0.029545455,0.71,-0.27,0.111473,0
P27682,0.419470899,0.261904762,0.214285714,0.047619048,0.72,-0.174,0.645561,0
P27782,0.401343409,0.221662469,0.17884131,0.075566751,3.74,0.015,0.8623,0
P27828,0.483185579,0.228723404,0,0.029255319,0.4,-0.35,-0.191795,0
P27913,0.492962495,0.204804046,0,0.03034134,0.81,-0.264,0.707358,0
P27958,0.503166168,0.170375291,0.014613085,0.070408502,4.05,-0.145,0.861238,0
P27988,0.482898948,0.255144033,0,0.016460905,0.26,-0.242,0.83716,0
P28229,0.448540965,0.23989899,0.095959596,0.128787879,1,-0.108,0.243807,0
P28235,0.491591592,0.201201201,0.132132132,0.036036036,2.95,-0.128,-0.308201,0
P28248,0.482037997,0.259067358,0.067357513,0,0.25,-0.327,0.137757,0
P28325,0.473161189,0.197183099,0,0.112676056,0.72,-0.175,-0.647391,0
P28583,0.461264217,0.289370079,0,0.015748031,-0.11,-0.34,0.777601,0
P28629,0.466181015,0.209271523,0,0,0.97,-0.1,0.651671,0
P28814,0.443911111,0.168,0,0,#N/A,-0.202,0.0425866,0
P29160,0.496589659,0.267326733,0.98019802,0,#N/A,-0.5,0.0485817,0
P29166,0.462156407,0.261324042,0,0,-0.04,-0.169,0.857841,0
P29255,0.522815017,0.113543092,0,0.023255814,1.75,-0.149,0.585022,0
P29396,0.501215278,0.3359375,0.8359375,0.2890625,#N/A,-0.547,-0.175786,0
P29990,0.47450113,0.230905338,0,0.036862283,1.6,-0.21,1.27237,0
P30125,0.487389042,0.228650138,0,0.046831956,0.98,-0.274,0.436222,0
P30176,0.415138889,0.30625,0,0,0.83,-0.386,-0.00650152,0
P30328,0.474294432,0.14187643,0,0.091533181,0.81,0.047,0.740291,0
P30531,0.551530328,0.128547579,0.05509182,0.023372287,0.65,-0.213,0.168059,0
P30748,0.522496571,0.209876543,0.913580247,0,#N/A,-0.495,-1.55715,0
P30750,0.491998704,0.209912536,0,0,0.43,-0.227,-0.0327036,0
P30820,0.470627063,0.242574257,0,0.059405941,-1.18,-0.328,-0.401052,0
P30901,0.465150016,0.287833828,0,0.03264095,-0.67,-0.333,0.632656,0
P30996,0.452075702,0.235478807,0,0.046310832,1.5,0.106,1.3496,0
P31011,0.469883041,0.245614035,0,0,-0.57,-0.282,0.642229,0
P31026,0.467984091,0.234899329,0,0.013422819,1.09,-0.204,1.42089,0
P31032,0.473348873,0.223776224,0,0.055944056,-1.12,-0.291,0.157213,0
P31087,0.506584362,0.209876543,0.444444444,0,#N/A,-0.652,-2.02759,0
P31101,0.495599759,0.224231465,0,0.023508137,0.33,-0.257,0.866743,0
P31168,0.361257862,0.426415094,1,0.332075472,0.48,-0.716,0.365408,0
P31243,0.493650794,0.225913621,0,0.019933555,0.84,-0.317,1.2403,0
P31434,0.455915371,0.21761658,0,0.03626943,0.7,-0.211,1.03977,0
P31808,0.464329806,0.194444444,0,0,-0.06,-0.17,-0.0120229,0
P31896,0.521613632,0.181533646,0,0.061032864,0.44,-0.271,0.391496,0
P32056,0.465478686,0.245283019,0,0,-0.67,-0.375,-0.0479446,0
P32156,0.44284188,0.240384615,0.163461538,0,#N/A,-0.445,-1.55768,0
P32169,0.495012165,0.175182482,0,0,0.27,-0.176,0.119396,0
P32170,0.464704322,0.245823389,0,0.028639618,0.46,-0.305,-0.0414431,0
P32267,0.447654321,0.311111111,0.522222222,0,#N/A,-0.528,-0.153994,0
P32411,0.338043478,0.358695652,1,0,#N/A,-0.376,1.24011,0
P32440,0.486854005,0.252906977,0,0,-0.49,-0.347,-0.113058,0
P32676,0.515437561,0.238938053,0,0,#N/A,-0.604,-1.71735,0
P32684,0.442030651,0.320689655,0.168965517,0.031034483,-0.42,-0.452,1.19835,0
P32882,0.454906367,0.22247191,0.078651685,0.074157303,0.89,-0.177,0.567461,0
P32989,0.465711253,0.261146497,0,0,-0.44,-0.252,0.33968,0
P33128,0.473125565,0.211382114,0,0,0.75,-0.297,0.306992,0
P33187,0.435016835,0.242424242,1,0.348484848,#N/A,-0.738,-0.85361,0
P33678,0.466487455,0.177419355,1,0,#N/A,-0.228,0.596032,0
P33763,0.441183575,0.347826087,1,0.163043478,#N/A,-0.807,-0.977351,0
P34081,0.416155811,0.270114943,0,0.086206897,-0.55,-0.306,1.53988,0
P34113,0.433612507,0.281407035,0,0,-0.02,-0.337,1.24841,0
P34257,0.428672746,0.291793313,0,0,0.17,-0.389,0.37681,0
P34704,0.456507937,0.297142857,0,0,-0.29,-0.477,-0.332149,0
P34712,0.504912104,0.20666162,0,0.009084027,1.9,-0.179,0.887359,0
P34945,0.456505674,0.285035629,0,0.087885986,0.22,-0.29,0.121176,0
P35219,0.461494253,0.251724138,0.04137931,0.082758621,-0.5,-0.38,0.399827,0
P35256,0.513746157,0.169960474,0,0,-1.38,-0.362,-0.299282,0
P35260,0.468316832,0.148514851,0,0,0.13,0.055,0.255601,0
P35475,0.471771312,0.186830015,0.015313936,0.108728943,2.2,-0.125,0.19547,0
P35753,0.517993367,0.171641791,0,0,#N/A,-0.308,-1.13523,0
P35828,0.549945852,0.078947368,0,0.372319688,1.53,0.02,1.03407,0
P35837,0.474105866,0.214592275,0,0,-1.12,-0.214,-0.056292,0
P35926,0.416487455,0.306451613,0.258064516,0.080645161,-1.83,-0.458,-0.423383,0
P36238,0.499017385,0.224489796,0,0,-0.24,-0.288,-0.289922,0
P36351,0.507033097,0.143617021,0,0.069148936,-0.88,-0.253,-1.20856,0
P36419,0.461666667,0.305172414,0.005172414,0.081034483,0,-0.389,0.531768,0
P36594,0.453798833,0.223173516,0.099315068,0.142123288,6.75,0.171,0.996643,0
P36595,0.441549296,0.295774648,0.718309859,0.098591549,-0.96,-0.354,-0.515841,0
P36886,0.517557252,0.145038168,0,0,#N/A,-0.214,-0.0909559,0
P36906,0.446977778,0.278,0,0,0.37,-0.268,0.783008,0
P36932,0.442894824,0.278931751,0,0,-0.06,-0.26,0.368708,0
P36946,0.51331637,0.244274809,0,0,#N/A,-0.6,-0.711802,0
P37062,0.477653492,0.257270694,0,0.031319911,-0.6,-0.328,0.656163,0
P37064,0.462741546,0.172101449,0,0,2.04,-0.157,0.84817,0
P37277,0.54423213,0.108280255,0,0.21656051,0.82,-0.205,0.910817,0
P37330,0.463715998,0.228215768,0,0.017980636,0,-0.105,0.71453,0
P37355,0.492416226,0.194444444,0,0,0.5,-0.251,0.143458,0
P37455,0.40503876,0.215116279,0.337209302,0.238372093,6.24,0.311,2.42273,0
P37468,0.493188737,0.256849315,0,0,-0.13,-0.393,-0.0805828,0
P37590,0.470707071,0.261363636,0.659090909,0,#N/A,-0.535,-1.06265,0
P37613,0.460017498,0.267716535,0,0.094488189,#N/A,-0.413,-0.31253,0
P37672,0.47894913,0.228915663,0,0,-0.27,-0.323,0.432367,0
P37727,0.455042735,0.238461538,0.072307692,0.027692308,0.96,-0.253,0.156004,0
P37757,0.48533483,0.198653199,0,0,0.47,-0.272,0.385615,0
P38038,0.471582267,0.242070117,0,0.061769616,0.98,-0.198,0.317006,0
P38383,0.572407407,0.2,0.166666667,0,#N/A,-0.623,-2.50447,0
P38424,0.452478632,0.287179487,0,0,-0.46,-0.31,0.395727,0
P38489,0.476600102,0.253456221,0,0.055299539,-1.49,-0.365,-0.111996,0
P38505,0.460199005,0.328358209,0.26119403,0,#N/A,-0.441,1.05155,0
P38514,0.412121212,0.409090909,1,0.166666667,#N/A,-0.735,-1.12824,0
P38516,0.434562648,0.30212766,0,0.05106383,2.5,-0.277,1.06038,0
P38582,0.477477477,0.225225225,0,0,#N/A,-0.355,-0.609395,0
P39126,0.476569477,0.252955083,0,0.056737589,0.22,-0.232,0.943063,0
P39135,0.436805556,0.294642857,0,0,0.12,-0.464,-0.267069,0
P39155,0.466148148,0.26,0,0,-0.98,-0.406,-0.307335,0
P39286,0.455047619,0.271428571,0.054285714,0,0.14,-0.288,0.787598,0
P39304,0.511522634,0.236111111,0,0,-2.44,-0.407,-0.316647,0
P39460,0.494509804,0.25,0,0,-0.72,-0.305,-0.0621728,0
P39462,0.501857189,0.23054755,0,0.097982709,-0.58,-0.354,0.782599,0
P39579,0.494586895,0.307692308,1,0,#N/A,-0.689,-1.28294,0
P39593,0.530596405,0.172794118,0,0,-0.84,-0.363,-0.0505583,0
P39594,0.480980981,0.256756757,0.076576577,0.063063063,-0.54,-0.358,0.553005,0
P39662,0.474000551,0.215880893,0,0.019851117,0.5,-0.098,0.48892,0
P39767,0.492118416,0.176470588,0,0,2.05,-0.153,1.37497,0
P40136,0.421763889,0.3125,0,0.03625,-0.18,-0.305,1.5008,0
P40632,0.386712486,0.412371134,1,0,#N/A,-0.557,-0.261008,0
P40709,0.491391733,0.163822526,0,0.0221843,0.46,-0.093,-0.0719414,0
P40719,0.485746102,0.231625835,0,0.046770601,1.74,-0.249,0.00418188,0
P40874,0.474014337,0.217741935,0,0.034946237,0.36,-0.232,0.720002,0
P40881,0.499460189,0.190283401,0,0.056680162,-1.03,-0.251,0.162865,0
P40949,0.396618357,0.335968379,0.23715415,0.063241107,0.5,-0.459,0.272623,0
P40999,0.469225589,0.227272727,0,0,-0.87,-0.35,0.134408,0
P41140,0.485185185,0.097701149,0,0.155172414,2.43,-0.01,2.18431,0
P41249,0.53791423,0.122807018,0.719298246,0.157894737,#N/A,-0.332,0.48647,0
P41351,0.481712447,0.224944321,0.062360802,0.077951002,0.08,-0.311,0.61913,0
P41352,0.461650364,0.223476298,0.074492099,0.06772009,0.88,-0.173,0.605294,0
P41780,0.483873016,0.208571429,0,0.034285714,0.1,-0.132,0.163273,0
P41784,0.461944444,0.225,1,0,#N/A,-0.343,-1.07004,0
P41851,0.473400673,0.2,0,0,-1.09,-0.176,-0.615863,0
P41969,0.45988086,0.172494172,0.03962704,0.198135198,2.63,0.002,0.311419,0
P41972,0.448043136,0.273718648,0,0.041439477,1.18,-0.254,0.927577,0
P42337,0.465428631,0.247191011,0,0,0.54,-0.228,0.368577,0
P42419,0.475019984,0.273381295,0,0,-1.25,-0.374,-0.000343045,0
P42494,0.49054917,0.281609195,0,0,-1.6,-0.478,-0.109791,0
P42512,0.438410494,0.2125,0,0.033333333,1.53,-0.081,1.35808,0
P42530,0.459403372,0.190661479,0,0,-0.03,-0.188,0.756544,0
P42573,0.451292247,0.236580517,0,0.119284294,2.53,0.018,0.396233,0
P42758,0.369660334,0.207253886,0,0.295336788,-0.08,-0.125,2.17922,0
P42759,0.350213675,0.423076923,1,0.188461538,0.83,-0.704,0.80756,0
P42861,0.479816345,0.198347107,0,0,0.25,-0.192,0.874143,0
P42866,0.535343384,0.133165829,0,0.030150754,1.52,-0.142,-0.842926,0
P43316,0.457485655,0.187793427,0,0,2.68,-0.126,0.925796,0
P43410,0.471585648,0.270833333,0,0.078125,-1.41,-0.449,0.0707489,0
P43457,0.605911681,0.076923077,0,0,-0.68,-0.218,0.010324,0
P43528,0.450654837,0.209125475,0,0.053231939,1.8,-0.052,1.05042,0
P43629,0.463163163,0.173423423,0.067567568,0.060810811,2.74,-0.153,0.283829,0
P43677,0.497894737,0.263157895,1,0.126315789,#N/A,-0.413,-0.336707,0
P43777,0.475208333,0.225,0,0,-1.83,-0.259,-0.750615,0
P44228,0.443142361,0.265625,0.8125,0,#N/A,-0.383,0.00196026,0
P44492,0.481786217,0.234177215,0,0,-1.5,-0.325,0.181993,0
P44583,0.464086022,0.264516129,0,0.090322581,-0.6,-0.444,-0.48384,0
P44654,0.462222222,0.146666667,0,0,1.41,-0.039,-0.307009,0
P44814,0.480246914,0.243055556,0,0.097222222,-0.81,-0.299,0.166034,0
P44839,0.505299145,0.223076923,0,0,#N/A,-0.31,-0.732499,0
P44859,0.486901865,0.193430657,0,0.047445255,0.87,-0.233,0.750239,0
P45083,0.513687601,0.18115942,0,0,#N/A,-0.405,-0.447232,0
P45134,0.451243201,0.255244755,0,0,-0.13,-0.298,0.235966,0
P45314,0.501975309,0.233333333,0,0,0.11,-0.325,0.366421,0
P45340,0.449206349,0.313186813,0,0,-1.66,-0.589,-0.50573,0
P45344,0.491617934,0.201754386,0,0,#N/A,-0.365,0.441613,0
P45352,0.458161419,0.237785016,0,0,0.69,-0.258,0.48237,0
P45523,0.44909465,0.303703704,0.137037037,0.211111111,0.76,-0.405,0.762899,0
P45530,0.51005848,0.210526316,0,0.147368421,#N/A,-0.446,-1.14487,0
P45531,0.531279178,0.226890756,0,0.12605042,#N/A,-0.493,-1.27448,0
P45561,0.442328042,0.068783069,0.248677249,0.386243386,1.46,0.314,-1.46382,0
P45577,0.413745211,0.318965517,0,0.193965517,1,-0.455,0.122745,0
P45618,0.502092352,0.24025974,0,0,-0.57,-0.419,0.656735,0
P45850,0.499668325,0.179104478,0,0,0.58,-0.276,0.585937,0
P45859,0.467490584,0.254237288,0,0.033898305,0.4,-0.263,0.260926,0
P45956,0.530969267,0.212765957,0,0,#N/A,-0.53,-0.805796,0
P46014,0.466972653,0.242685026,0,0.053356282,0.52,-0.288,0.704745,0
P46065,0.449105691,0.292682927,0.097560976,0.063414634,-1.09,-0.426,0.0794067,0
P46434,0.466950355,0.246808511,0,0.046808511,-0.24,-0.277,0.327477,0
P46828,0.476840696,0.237951807,0,0,-0.89,-0.31,0.324749,0
P46899,0.458888889,0.291666667,0.4,0,#N/A,-0.445,0.277768,0
P47523,0.447422062,0.232014388,0,0,1.37,-0.074,1.32353,0
P49235,0.43786808,0.22614841,0,0.049469965,1.53,-0.067,1.14691,0
P49758,0.437735405,0.283898305,0,0.033898305,-0.47,-0.292,0.142478,0
P49785,0.421865443,0.348623853,0.853211009,0.183486239,-1.13,-0.496,-0.0402343,0
P49799,0.430569106,0.302439024,0,0.156097561,-0.57,-0.529,-0.351866,0
P49869,0.436947292,0.146318733,0,0.408201305,4.94,0.54,0.291457,0
P49949,0.501510248,0.174757282,0.116504854,0,#N/A,-0.428,-0.68573,0
P50097,0.476452397,0.234592445,0,0.023856859,0.3,-0.298,0.976011,0
P50183,0.44179241,0.300411523,0,0.049382716,-1.19,-0.45,0.352519,0
P50384,0.510499195,0.243478261,0,0.034782609,-0.69,-0.268,0.690598,0
P50477,0.450811486,0.238202247,0,0.188764045,-0.31,-0.221,0.636609,0
P50490,0.406698821,0.278135048,0.046623794,0.067524116,0.96,-0.138,0.967272,0
P50498,0.409272876,0.161764706,0.647058824,0.352941176,3.65,0.108,1.3968,0
P50583,0.46696901,0.272108844,0,0,-1.51,-0.592,-0.606732,0
P50637,0.520578567,0.118343195,0,0,-0.48,-0.333,-0.349563,0
P51023,0.420194986,0.17270195,0,0.228412256,8.15,0.731,1.8823,0
P51123,0.400422734,0.303898544,0.232503523,0.135274777,3.87,0.163,1.6095,0
P51177,0.445261438,0.303921569,0,0.073529412,-0.1,-0.508,-0.038372,0
P51400,0.452180028,0.222222222,0.088607595,0.085794655,2.57,-0.192,0.9848,0
P51671,0.480870561,0.226804124,0.783505155,0.12371134,#N/A,-0.454,-1.51601,0
P51772,0.528689884,0.179104478,1,0,#N/A,-0.515,-1.40327,0
P52045,0.497360579,0.218390805,0,0,-0.32,-0.354,-0.0992216,0
P52197,0.465436654,0.228782288,0,0.04797048,0.2,-0.378,0.459043,0
P52279,0.463933262,0.230031949,0,0.03514377,0.75,-0.305,0.275155,0
P52695,0.482407407,0.222222222,0,0,#N/A,-0.481,-1.56226,0
P52705,0.477347115,0.236434109,0,0.050387597,-1.21,-0.38,-0.136385,0
P52848,0.474401612,0.212018141,0,0.032879819,0.49,-0.257,0.587521,0
P53563,0.455507868,0.227467811,0.094420601,0.077253219,0.5,-0.374,0.224809,0
P53608,0.487142326,0.247491639,0,0.100334448,0.38,-0.284,0.785573,0
P53780,0.489272031,0.209051724,0,0.043103448,-0.26,-0.269,0.249655,0
P53816,0.481207133,0.240740741,0,0.104938272,-0.63,-0.412,-0.117844,0
P54170,0.467592593,0.25,0,0,-1,-0.299,-0.78059,0
P54322,0.520221508,0.192926045,0,0.048231511,-0.03,-0.272,0.221705,0
P54464,0.446021021,0.344594595,0.540540541,0,-2.92,-0.566,-0.250325,0
P54562,0.462535613,0.224358974,0,0,-1.44,-0.333,0.273292,0
P54965,0.471225937,0.212765957,0,0,-0.69,-0.187,0.785099,0
P55271,0.48982906,0.223076923,0,0,#N/A,-0.278,-0.510467,0
P55789,0.393766938,0.317073171,0.282926829,0.146341463,0.91,-0.227,-0.205222,0
P55792,0.471156463,0.236734694,0,0.030612245,0.87,-0.297,0.608545,0
P55915,0.477684013,0.17721519,0,0,-0.36,-0.192,0.50702,0
P55980,0.415645494,0.284991568,0,0.032883642,0.73,-0.136,2.10507,0
P56007,0.511916264,0.22705314,0,0,0.18,-0.313,0.871791,0
P56206,0.443236715,0.292490119,0,0.029644269,2.58,-0.294,0.557056,0
P56210,0.499081036,0.240601504,0.263157895,0,#N/A,-0.384,-0.407129,0
P56217,0.495854063,0.208955224,0,0,#N/A,-0.475,-0.00298939,0
P56218,0.494689266,0.274576271,0,0,0.28,-0.422,0.315258,0
P56220,0.491038118,0.226277372,0,0.058394161,-0.08,-0.268,0.782746,0
P56252,0.477675135,0.240184758,0,0,-0.17,-0.262,0.939632,0
P56254,0.532526882,0.201612903,0,0.064516129,#N/A,-0.56,-1.21488,0
P56272,0.48388203,0.148148148,0,0,1.43,-0.141,1.14376,0
P56274,0.510884354,0.193877551,0.693877551,0,#N/A,-0.372,0.419985,0
P56406,0.407407407,0.143939394,0,0,#N/A,0.052,0.951623,0
P56408,0.479432624,0.234042553,1,0,#N/A,-0.462,-1.12858,0
P56409,0.447432306,0.193277311,0.529411765,0,#N/A,-0.31,-0.932396,0
P56410,0.457159054,0.259475219,0,0.036443149,0.45,-0.324,0.930419,0
P56431,0.494891033,0.225080386,0,0,0.65,-0.291,1.07607,0
P56533,0.500839408,0.204771372,0,0,2.01,-0.226,0.493004,0
P56588,0.480794702,0.175496689,0,0.066225166,0.51,-0.212,0.916387,0
P56621,0.547134503,0.189473684,0.736842105,0.242105263,#N/A,-0.517,-2.57664,0
P56634,0.456121727,0.186836518,0,0,2.04,-0.067,1.92874,0
P56678,0.480431177,0.179104478,0.656716418,0,#N/A,-0.512,0.407031,0
P56680,0.442564953,0.221393035,0,0,1.42,-0.223,1.21431,0
P56689,0.445048153,0.338939198,0,0.015523933,0.59,-0.519,0.963123,0
P56709,0.469201822,0.324420677,0.005347594,0.019607843,0.14,-0.493,0.752771,0
P56740,0.456749311,0.280991736,0,0,#N/A,-0.51,0.445337,0
P56777,0.512510936,0.169291339,0,0.053149606,1.23,-0.258,1.11073,0
P57098,0.507038035,0.218328841,0,0.029649596,-0.22,-0.296,0.924636,0
P57765,0.481284153,0.290983607,0,0,-1.44,-0.453,0.256401,0
P57766,0.490986167,0.277108434,0,0.096385542,0.37,-0.465,-0.0297469,0
P58547,0.487581699,0.098039216,1,0,#N/A,,-0.56194,0
P58880,0.488636364,0.278409091,0,0.068181818,-2.42,-0.538,-0.0453963,0
P59009,0.511203704,0.241666667,0,0,0.4,-0.237,0.542484,0
P59095,0.449444444,0.218181818,0,0.063636364,-0.12,-0.252,0.192742,0
P59113,0.468718201,0.248153619,0,0.06351551,1.08,-0.163,0.035497,0
P59635,0.524225865,0.180327869,0,0,#N/A,-0.343,-1.8791,0
P59636,0.486394558,0.193877551,1,0,#N/A,-0.206,-1.72808,0
P60244,0.503102087,0.131979695,0,0,-0.2,-0.181,-0.745975,0
P60340,0.459129512,0.270700637,0,0.031847134,0.42,-0.311,0.398455,0
P60355,0.43015873,0.251879699,0,0,0.2,-0.197,0.71105,0
P60438,0.473896863,0.248803828,0,0,0.21,-0.17,1.39224,0
P60589,0.477995643,0.137254902,1,0,#N/A,,-1.68198,0
P60723,0.473852957,0.278606965,0,0,0.4,-0.248,0.0537927,0
P60849,0.49954181,0.24742268,1,0,#N/A,-0.447,-0.527799,0
P60994,0.471317829,0.11627907,0,0,2.83,0.011,0.826084,0
P61175,0.461212121,0.327272727,0.509090909,0.1,#N/A,-0.557,-0.528763,0
P61491,0.508199234,0.268965517,0,0,0.05,-0.608,-0.146545,0
P61889,0.521509972,0.195512821,0,0.054487179,-0.74,-0.267,0.911519,0
P61961,0.509934641,0.2,1,0,#N/A,-0.441,-1.04527,0
P62009,0.4833785,0.333333333,0.756097561,0.138211382,#N/A,-0.76,-0.855211,0
P62128,0.43432701,0.260162602,0.601626016,0,#N/A,-0.375,0.514012,0
P62152,0.430574198,0.348993289,0.268456376,0,-1.73,-0.495,0.157621,0
P62323,0.451763668,0.253968254,0.087301587,0.079365079,#N/A,-0.212,0.922284,0
P62326,0.319949495,0.454545455,1,0,#N/A,,-1.15404,0
P62552,0.417283951,0.305555556,1,0,#N/A,-0.414,-0.938636,0
P62554,0.481958196,0.267326733,0,0,#N/A,-0.559,-1.1172,0
P62558,0.463398693,0.269349845,0,0.083591331,-0.29,-0.287,-0.00496598,0
P62696,0.400704607,0.234146341,0,0.087804878,-0.2,-0.167,0.890528,0
P62775,0.475141243,0.279661017,0.262711864,0,#N/A,-0.583,0.0511953,0
P62799,0.442071197,0.310679612,0.796116505,0.184466019,#N/A,-0.506,1.68638,0
P62965,0.442254663,0.291970803,0,0,#N/A,-0.466,-0.258917,0
P63028,0.459883721,0.290697674,0,0,0.15,-0.363,0.554001,0
P63090,0.398015873,0.31547619,0.232142857,0.267857143,0.4,-0.522,0.201008,0
P63177,0.496296296,0.226337449,0,0,-1.69,-0.375,-0.213684,0
P63488,0.474066438,0.24742268,0,0.049484536,0.64,-0.199,1.12395,0
P64423,0.494393476,0.235474006,0,0.064220183,-0.22,-0.268,0.00109448,0
P64638,0.476780627,0.217948718,1,0,#N/A,-0.299,-1.68041,0
P65722,0.444444444,0.278350515,1,0,#N/A,-0.44,-0.664069,0
P65870,0.480624426,0.231404959,0,0,#N/A,-0.614,-0.907762,0
P67617,0.403052503,0.307692308,0.967032967,0,#N/A,-0.377,-0.405936,0
P67700,0.488652482,0.223404255,1,0,#N/A,-0.456,-1.72235,0
P67954,0.47281746,0.178571429,1,0,#N/A,,-1.24942,0
P68005,0.378395062,0.277777778,1,0,#N/A,,-2.15837,0
P68206,0.330434783,0.420289855,1,0,#N/A,-0.631,1.06154,0
P68261,0.41770551,0.333333333,0,0,#N/A,-0.558,0.0195045,0
P68336,0.46675737,0.244897959,0,0.116326531,0.54,-0.118,-0.110264,0
P68390,0.448888889,0.248648649,0,0,1.22,-0.481,-0.0322625,0
P68466,0.478598061,0.295302013,0,0,-2.02,-0.501,-0.343502,0
P68530,0.527459618,0.162995595,0,0.140969163,0.14,-0.358,-1.55909,0
P68693,0.475762527,0.245098039,0,0,-0.79,-0.39,0.0115492,0
P68699,0.640787623,0.101265823,0,0.329113924,#N/A,-0.388,-1.04232,0
P68767,0.475855975,0.224652087,0,0.027833002,-0.31,-0.098,0.854247,0
P68826,0.462052216,0.262295082,0,0.076502732,-0.14,-0.347,0.130961,0
P68919,0.447990544,0.308510638,1,0,#N/A,-0.502,-0.223927,0
P68927,0.399228395,0.347222222,1,0,#N/A,-0.602,-0.781113,0
P69054,0.593023256,0.139534884,0,0,#N/A,-0.453,-1.00261,0
P69346,0.452744311,0.277108434,1,0,#N/A,-0.428,-1.39889,0
P69361,0.509869468,0.148997135,0,0.025787966,-0.09,-0.015,-0.523241,0
P69411,0.47893864,0.186567164,0.567164179,0.134328358,#N/A,-0.24,-1.14801,0
P69544,0.483524904,0.195402299,1,0,#N/A,-0.279,-0.399239,0
P69702,0.444990893,0.319672131,0,0,#N/A,-0.619,-0.374229,0
P69795,0.5278826,0.216981132,0,0.113207547,#N/A,-0.479,-0.861516,0
P69853,0.490087146,0.18627451,0,0,-1.69,-0.384,-1.33752,0
P69913,0.47140255,0.245901639,1,0,#N/A,-0.497,-0.545098,0
P69922,0.471103591,0.218274112,0,0.0321489,1.19,-0.195,0.652259,0
P69924,0.469414894,0.239361702,0,0,0.51,-0.34,-0.331953,0
P69996,0.465280219,0.228471002,0,0.042179262,0.35,-0.196,1.27691,0
P70280,0.508838384,0.213636364,0,0.068181818,-1.6,-0.312,-0.60273,0
P70444,0.453675214,0.251282051,0,0,-1.73,-0.214,-0.239494,0
P70447,0.436290663,0.239543726,0.368821293,0.243346008,4.25,-0.135,0.0131174,0
P70475,0.382261537,0.321819714,0.144903117,0.128053917,3.28,-0.163,1.04268,0
P70552,0.472883598,0.226190476,0.607142857,0,#N/A,-0.389,-0.656016,0
P70604,0.491302682,0.193103448,0.148275862,0.19137931,3.86,0.082,0.629552,0
P71002,0.450014582,0.280839895,0,0,-1.61,-0.287,0.00413287,0
P71346,0.425856698,0.289719626,0.962616822,0,#N/A,-0.412,-0.527717,0
P71447,0.48280543,0.2760181,0,0,-0.36,-0.405,0.242157,0
P71590,0.381362007,0.214421252,0.292220114,0.292220114,6.9,0.279,2.93003,0
P72505,0.500414079,0.204968944,0,0.074534161,-0.41,-0.336,-0.171784,0
P72583,0.457463042,0.193133047,0,0,-0.45,-0.251,0.116227,0
P73124,0.406495726,0.215384615,1,0,#N/A,-0.215,-1.49305,0
P74518,0.440488656,0.282722513,0,0,-0.54,-0.374,0.0306617,0
P74903,0.500961538,0.278846154,0.740384615,0,#N/A,-0.587,-0.251158,0
P74909,0.466111111,0.333333333,1,0.25,#N/A,-0.697,-0.953338,0
P75429,0.490470542,0.217081851,0,0,0.28,-0.326,0.649024,0
P75736,0.476334208,0.204724409,0,0,0.31,-0.12,-0.0955788,0
P75966,0.425652842,0.258064516,0,0,-0.36,-0.281,0.283126,0
P76015,0.487421973,0.202247191,0,0.04494382,0.27,-0.233,0.694339,0
P76049,0.458787219,0.196078431,0,0,0.36,-0.157,0.330548,0
P76063,0.439909297,0.244897959,1,0,#N/A,-0.45,-0.881086,0
P76187,0.486614467,0.22147651,0,0.05033557,-0.48,-0.258,-0.354006,0
P76216,0.469649515,0.201342282,0,0.033557047,0.81,-0.038,0.434082,0
P76407,0.503307321,0.20735786,0,0.153846154,-0.67,-0.254,0.466051,0
P76539,0.45500394,0.312056738,0,0,0.5,-0.359,0.397082,0
P76584,0.456360153,0.179310345,0,0,0.43,-0.187,0.151266,0
P77072,0.511897275,0.188679245,0,0,-0.74,-0.413,-0.893877,0
P77150,0.512001549,0.177700348,0,0.059233449,0.18,-0.183,-0.278748,0
P77522,0.46684624,0.216161616,0,0,0.24,-0.17,0.520611,0
P77667,0.48852459,0.204918033,0,0,#N/A,-0.342,0.328049,0
P78055,0.541161616,0.163636364,0,0.059090909,-1.23,-0.242,-0.510794,0
P78330,0.485925926,0.262222222,0,0,-0.34,-0.333,0.286393,0
P78504,0.433378945,0.210180624,0.039408867,0.020525452,4.84,-0.216,1.12736,0
P78794,0.359706499,0.369811321,0.981132075,0.218867925,0.86,-0.491,0.419887,0
P80007,0.461621967,0.201149425,0,0,-0.31,-0.194,-0.508605,0
P80077,0.46342305,0.258799172,0,0.037267081,0.44,-0.3,1.04163,0
P80176,0.460240964,0.180722892,1,0,#N/A,-0.34,-0.728284,0
P80321,0.463620072,0.193548387,1,0,#N/A,-0.657,-4.05853,0
P80379,0.395360195,0.340659341,1,0,#N/A,-0.536,-0.135911,0
P80412,0.47037037,0.192982456,0,0,#N/A,-0.221,0.307107,0
P80476,0.445172169,0.258785942,0,0,-0.02,-0.241,0.629569,0
P80644,0.492146597,0.19895288,0,0.062827225,-0.73,-0.411,-0.771524,0
P80870,0.445555556,0.307692308,0.776923077,0.123076923,#N/A,-0.551,0.194539,0
P80882,0.453333333,0.226666667,1,0,#N/A,-0.447,-1.00721,0
P81019,0.444383728,0.229508197,0,0,0.59,-0.348,-0.685354,0
P81156,0.48247208,0.175468484,0,0.083475298,0.53,-0.093,0.937476,0
P81180,0.450385039,0.188118812,0.089108911,0,#N/A,-0.252,-0.320551,0
P81303,0.396851852,0.4,1,0,#N/A,-0.801,-0.916387,0
P81536,0.432416953,0.118556701,0,0.154639175,3.06,-0.03,1.89841,0
P81658,0.441111111,0.233333333,1,0,#N/A,-0.59,-0.349644,0
P81782,0.466313933,0.206349206,0.174603175,0,#N/A,-0.716,-2.05572,0
P82381,0.462479871,0.246376812,1,0,#N/A,-0.54,-0.621401,0
P82385,0.442562724,0.266129032,0,0,#N/A,-0.423,0.346345,0
P82597,0.492044444,0.2,0,0,-0.15,-0.348,-0.0340268,0
P82603,0.471403962,0.217054264,0,0,#N/A,-0.339,-0.586574,0
P82804,0.369833602,0.347826087,1,0.217391304,0.27,-0.118,0.30923,0
P83110,0.496860437,0.205298013,0,0.086092715,0.98,-0.203,0.353418,0
P83194,0.456319812,0.306878307,0,0.074074074,1.36,-0.44,0.820971,0
P83218,0.483420411,0.166144201,0,0,0.59,-0.133,0.784968,0
P83235,0.459259259,0.15,1,0.283333333,#N/A,-0.376,-1.04967,0
P83434,0.4996337,0.120879121,0.065934066,0,#N/A,-0.277,-0.061062,0
P83441,0.45982906,0.115384615,1,0.326923077,#N/A,,-3.02637,0
P83658,0.427604167,0.21875,1,0,#N/A,-0.515,-0.902763,0
P83667,0.465225225,0.264864865,0.135135135,0.075675676,0.71,-0.247,0.904282,0
P83691,0.461412316,0.159638554,0,0.036144578,0.42,-0.142,0.420606,0
P83755,0.537141958,0.121813031,0,0.039660057,-0.39,-0.138,0.234414,0
P83790,0.388075881,0.256097561,1,0,#N/A,-0.474,0.315765,0
P83791,0.567596899,0.11627907,0,0,-1.21,-0.334,-0.780672,0
P83792,0.564305556,0.14375,0,0,-0.3,-0.439,-0.968922,0
P83799,0.403645833,0.234375,1,0,#N/A,-0.361,1.68022,0
P84040,0.442179072,0.310679612,0.669902913,0.184466019,#N/A,-0.516,1.66083,0
P84233,0.432924837,0.308823529,0.455882353,0,#N/A,-0.404,-0.55142,0
P84530,0.51516828,0.145228216,0,0.053941909,-0.99,-0.221,0.1299,0
P84634,0.4779214,0.242068155,0.028789659,0.061104583,1.08,-0.207,0.697655,0
P84801,,0.140495868,0.090909091,0.214876033,#N/A,-0.036,2.40536,0
P84844,0.440336134,0.176470588,0,0,#N/A,-0.102,-0.240409,0
P84875,0.418518519,0.248484848,0,0,2.71,-0.416,0.443361,0
P85084,0.453177869,0.16872428,0,0,2.54,-0.124,0.853495,0
P85173,0.506737589,0.146276596,0,0.063829787,1.41,-0.13,0.940743,0
P85511,0.453982301,0.283185841,0.725663717,0,#N/A,-0.577,-0.334828,0
P85800,0.380208333,0.375,1,0,#N/A,,-2.42624,0
P86041,0.377777778,0.168421053,1,0,#N/A,-0.126,1.2509,0
P86179,0.443418803,0.225641026,0,0,0.62,-0.268,0.0770871,0
P86383,0.467304189,0.18852459,0,0.131147541,#N/A,-0.388,0.288321,0
P86912,0.468972746,0.20754717,1,0,#N/A,,-1.71233,0
P87666,0.456278764,0.199704142,0,0.044378698,1.44,-0.166,0.732188,0
P90976,0.442087542,0.292929293,0,0.053872054,1.39,-0.279,0.896425,0
P94388,0.466142558,0.229559748,0,0.031446541,1.41,-0.254,0.374442,0
P94954,0.501933896,0.253164557,0,0.098101266,-0.15,-0.404,0.0881135,0
P95547,0.48030303,0.25,0,0,-0.24,-0.308,0.17657,0
P96084,0.454000758,0.266211604,0,0,-0.47,-0.333,0.542648,0
P96112,0.47917229,0.263157895,0,0.032388664,0.38,-0.249,0.0862022,0
P96142,0.45326115,0.302784223,0.049883991,0.052204176,2.25,-0.307,0.341428,0
P97303,0.437213614,0.243146603,0.05601907,0.075089392,2.56,-0.085,0.42482,0
P97784,0.456380638,0.217821782,0.075907591,0.0330033,3.45,0.09,0.949368,0
P98066,0.465623746,0.227436823,0,0.064981949,1.14,-0.252,1.07819,0
P9WF19,0.452067183,0.313953488,1,0,#N/A,-0.513,-0.563998,0
P9WF77,0.493299406,0.244274809,0,0.167938931,#N/A,-0.339,-0.548953,0
P9WF97,0.506734007,0.28030303,0,0.045454545,#N/A,-0.581,-1.72331,0
P9WFN1,0.48844697,0.153409091,0,0,0.03,-0.237,0.0322625,0
P9WGI1,0.428935185,0.331439394,0.337121212,0.248106061,-0.05,-0.304,0.21058,0
P9WHH9,0.511518199,0.198275862,0,0.047413793,0.28,-0.321,0.985061,0
P9WHJ5,0.399199199,0.387387387,1,0.234234234,#N/A,-0.5,-0.283812,0
P9WHN5,0.372569444,0.40625,1,0.421875,#N/A,-0.645,0.974917,0
P9WI73,0.478503704,0.225333333,0.058666667,0.034666667,1.25,-0.264,0.473222,0
P9WIA1,0.463326517,0.239263804,0,0,0.71,-0.308,-0.173597,0
P9WID5,0.516049383,0.200617284,0,0.052469136,0.17,-0.418,0.227047,0
P9WII3,0.514132554,0.192982456,0.192982456,0,#N/A,-0.248,-1.34477,0
P9WIP5,0.450078247,0.281690141,1,0,#N/A,-0.56,-1.05591,0
P9WIT9,0.489721317,0.234527687,0,0.117263844,-0.34,-0.322,-0.0602779,0
P9WJ35,0.482539683,0.30952381,1,0.238095238,#N/A,-0.673,-1.74014,0
P9WJA9,0.459122085,0.25308642,0.462962963,0.074074074,-0.76,-0.372,0.671208,0
P9WJD9,0.446352657,0.213043478,0.12173913,0.158695652,3.09,0.036,1.22331,0
P9WKX3,0.465389527,0.252873563,0,0.195402299,-1.12,-0.077,0.00588077,0
P9WMH1,0.481497585,0.265217391,0,0.073913043,0.85,-0.4,-0.161166,0
P9WMH3,0.469940476,0.272321429,0,0.071428571,0.21,-0.38,0.108549,0
P9WMM5,0.504143898,0.241803279,0,0,0.09,-0.461,0.835967,0
P9WNK3,0.470486111,0.125,0.708333333,0,#N/A,-0.047,-1.159,0
P9WNK7,0.471578947,0.136842105,1,0,#N/A,-0.195,-0.123137,0
P9WNR7,0.50337963,0.154166667,0.033333333,0.064583333,0.43,-0.169,-0.111963,0
P9WP53,0.492741658,0.204334365,0,0.092879257,0.2,-0.248,0.532536,0
P9WPF3,0.518130312,0.212464589,0,0.084985836,0.06,-0.412,0.224531,0
P9WPI9,0.471706758,0.213058419,0.154639175,0.048109966,1.4,-0.106,0.27504,0
P9WPV1,0.493204775,0.314049587,0.73553719,0.132231405,#N/A,-0.671,-0.436173,0
P9WQB1,0.518059299,0.180592992,0,0.035040431,0.18,-0.173,0.239266,0
P9WQF3,0.47236715,0.32173913,0.965217391,0.156521739,#N/A,-0.588,-0.905753,0
P9WQG9,0.487108656,0.20441989,0,0.17679558,0.45,-0.329,-0.505485,0
Q00384,0.551068376,0.192307692,0,0,-0.79,-0.377,-0.366029,0
Q00458,0.471924603,0.232142857,0,0,#N/A,-0.461,-0.156428,0
Q00459,0.4600863,0.281553398,0.029126214,0,#N/A,-0.538,-0.558248,0
Q00496,0.449009681,0.216626699,0,0.042366107,0.97,-0.024,1.58501,0
Q004B5,0.45315231,0.280898876,0,0,0.31,-0.363,0.826738,0
Q00780,0.452165472,0.130376344,0,0.622311828,4.57,0.048,4.00162,0
Q00958,0.426428571,0.257142857,0,0.302380952,2.12,-0.071,1.26386,0
Q01137,0.472984749,0.189542484,0,0,0.79,-0.253,1.8531,0
Q01231,0.471539417,0.206703911,0.117318436,0.053072626,0.93,-0.101,0.162211,0
Q01417,0.391201028,0.184971098,1,0.156069364,6.64,0.084,1.79483,0
Q01782,0.506558642,0.170138889,0,0,0.35,-0.213,-0.201694,0
Q01924,0.425513758,0.250783699,0.197492163,0.065830721,1.94,-0.125,1.03694,0
Q02054,0.496124031,0.302325581,1,0.151162791,#N/A,-0.646,-0.84848,0
Q02499,0.505413591,0.235093697,0,0.06132879,-0.07,-0.293,0.689079,0
Q02MM2,0.444444444,0.272727273,0,0.101604278,0.84,-0.456,-0.0581543,0
Q03132,0.494576831,0.226520886,0.008971124,0.096719933,2,-0.188,1.44502,0
Q03479,0.451630735,0.243781095,0,0,0.79,-0.163,0.991612,0
Q03611,0.472881613,0.223738063,0.05047749,0.038199181,1.94,-0.006,0.408011,0
Q03689,0.46509035,0.301038062,0,0.034602076,1.03,-0.36,0.442185,0
Q03759,0.444761905,0.380952381,0.99047619,0.152380952,#N/A,-0.806,-0.226802,0
Q04866,0.486374448,0.22324159,0,0.131498471,0.15,-0.264,-0.416048,0
Q04884,0.41363212,0.243697479,0,0,1.24,-0.183,1.15286,0
Q04I02,0.469178082,0.232876712,0,0.157534247,-1.21,-0.489,-1.30633,0
Q05127,0.454575163,0.208823529,0,0.05,0.32,-0.17,-0.138933,0
Q05128,0.494205862,0.168711656,0,0,1.63,-0.202,-0.175508,0
Q05318,0.47448262,0.200271248,0,0.03119349,1.52,0.003,0.654905,0
Q05320,0.4578238,0.198224852,0,0.056213018,1.18,-0.133,0.745992,0
Q05514,0.4763788,0.273607748,0,0.031476998,1.25,-0.224,0.847762,0
Q06129,0.501481481,0.225641026,0,0,-0.53,-0.398,0.45509,0
Q06141,0.472507937,0.165714286,0,0.097142857,2.84,-0.295,-0.487303,0
Q06241,0.436083608,0.252475248,0,0.069306931,0.35,-0.292,0.242271,0
Q06253,0.454490107,0.301369863,1,0,#N/A,-0.565,-0.755107,0
Q06319,0.482680592,0.240208877,0,0.07310705,0.34,-0.238,1.04794,0
Q06556,0.413585905,0.29147571,0.147571036,0.082493126,2.08,-0.165,1.33152,0
Q06684,0.412297735,0.291262136,1,0,#N/A,-0.658,-0.208947,0
Q07341,0.503405573,0.219814241,0,0.117647059,-0.07,-0.417,0.216233,0
Q07412,0.465008961,0.254032258,0,0,0.25,-0.34,0.517246,0
Q07731,0.449131122,0.289099526,0,0.123222749,0.04,-0.301,-0.207624,0
Q07932,0.525892857,0.241071429,0.758928571,0.125,#N/A,-0.512,-0.745632,0
Q08432,0.474964111,0.23255814,0,0,0.08,-0.27,0.372743,0
Q08602,0.470076426,0.245149912,0,0.047619048,-0.59,-0.271,-0.728137,0
Q08751,0.452022792,0.266666667,0,0,0.52,-0.353,0.693277,0
Q08788,0.472268136,0.227272727,0,0,-0.69,-0.372,-0.134212,0
Q08971,0.43021309,0.342465753,0,0.102739726,-1.88,-0.545,-0.347896,0
Q09099,0.482771536,0.213483146,1,0.146067416,#N/A,-0.33,0.724739,0
Q09260,0.364013605,0.173469388,0.144897959,0.357142857,4.55,0.68,0.0346475,0
Q09427,0.523296811,0.187737042,0,0.08596713,0.29,-0.211,0.18825,0
Q09428,0.523114766,0.188488299,0,0.073371284,0.51,-0.239,0.19828,0
Q09514,0.427318296,0.289473684,0.157894737,0,-0.16,-0.261,0.260469,0
Q09683,0.436397877,0.271186441,0.083204931,0.023112481,0.83,-0.26,0.582082,0
Q09882,0.395272292,0.314183124,0.535008977,0.141831239,2.09,-0.221,0.917383,0
Q09LX1,0.487366819,0.251141553,0,0,-0.41,-0.396,0.169676,0
Q0GBY3,0.4335578,0.28956229,0,0,-0.45,-0.274,0.28458,0
Q0P8U5,0.481103001,0.270072993,0,0.04379562,-1.13,-0.431,0.0233924,0
Q0PB48,0.441994751,0.267716535,0.023622047,0,#N/A,-0.436,0.232682,0
Q0QLF1,0.494511785,0.2,0,0.115151515,1.58,-0.202,0.729428,0
Q0WYX8,0.460765718,0.206533193,0,0,1.54,-0.167,0.641151,0
Q10344,0.463888889,0.297619048,0,0.125,-0.67,-0.377,0.253069,0
Q10Q08,0.473386243,0.247619048,0,0.033333333,0.93,-0.226,0.456184,0
Q12723,0.472489602,0.221925134,0,0,0.04,-0.182,0.419233,0
Q15113,0.468275179,0.189309577,0.062360802,0.028953229,1.57,-0.246,0.636985,0
Q15369,0.477876984,0.232142857,0.508928571,0,#N/A,-0.405,-0.595297,0
Q15858,0.497138386,0.229376258,0.052816901,0.112676056,1.95,-0.188,0.754437,0
Q17427,0.495488215,0.23030303,0,0,-0.46,-0.429,-0.213521,0
Q1AR05,0.447563625,0.290502793,0,0.020949721,-0.32,-0.412,0.367564,0
Q1CMW6,0.510463862,0.16828479,0,0.045307443,-0.32,-0.14,0.225037,0
Q1HRL7,0.472141707,0.282608696,0,0.101449275,#N/A,-0.566,-0.99135,0
Q1LCS4,0.442464879,0.247126437,0,0,1.07,-0.406,-0.0758946,0
Q22472,0.362345679,0.41005291,0.513227513,0.425925926,1.84,0.089,1.44539,0
Q22942,0.466873867,0.242424242,0,0,-0.1,-0.253,0.043485,0
Q23229,0.447108979,0.294964029,0.107913669,0.043165468,1.09,-0.399,-0.0497905,0
Q23985,0.426347486,0.151761518,0,0.214092141,2.08,0.561,0.35149,0
Q24139,0.477687688,0.175675676,0.002702703,0.335135135,-0.46,-0.18,-0.709433,0
Q24246,0.437489526,0.236802413,0.079939668,0.138763198,1.34,0.009,0.794116,0
Q24F70,0.396021948,0.339506173,0.444444444,0.154320988,-0.99,-0.497,1.46233,0
Q25088,0.473092369,0.325301205,1,0,#N/A,-0.59,-0.723432,0
Q25733,0.382436541,0.324213406,0.04377565,0.111491108,2.58,-0.072,1.94335,0
Q257B3,0.475877617,0.255072464,0.084057971,0.182608696,-0.34,-0.259,-0.282734,0
Q26502,0.476108374,0.214285714,0,0.036945813,2.58,-0.227,0.317235,0
Q26680,0.446636086,0.330275229,0.178899083,0.082568807,0.19,-0.627,0.863117,0
Q26997,0.469613527,0.286956522,0,0,-0.42,-0.365,0.457507,0
Q27934,0.429777778,0.22,0.085,0.2225,0.85,0.004,-0.505207,0
Q29983,0.452364375,0.203655352,0,0.07310705,0.78,-0.276,0.184068,0
Q2EES9,0.439057239,0.303030303,1,0,#N/A,-0.616,-0.287096,0
Q2FEC4,0.468959948,0.261627907,0,0.026162791,0.6,-0.235,0.819665,0
Q2G1N7,0.456044444,0.288,0,0,-1.51,-0.432,-0.524662,0
Q2GI62,0.423317113,0.295620438,0.596715328,0,0.78,-0.215,0.408942,0
Q2JIZ5,0.473541167,0.209832134,0,0,0.53,-0.175,0.118056,0
Q2KIG3,0.464906751,0.224586288,0,0.014184397,0.29,-0.286,0.153243,0
Q2MKA7,0.420363329,0.262357414,0.201520913,0.072243346,1.14,-0.121,0.466541,0
Q2RI42,0.477530078,0.200636943,0,0,1.55,-0.219,0.445664,0
Q2SU48,0.483179012,0.263888889,1,0,#N/A,-0.479,-0.646541,0
Q2TUW1,0.355182073,0.294117647,0.920168067,0.558823529,7.02,-0.032,3.40501,0
Q2UNX8,0.459556985,0.180064309,0,0,-0.16,-0.19,0.740209,0
Q2UZM9,0.49365942,0.277173913,0,0,-0.33,-0.511,-0.610718,0
Q2VEQ7,0.491847042,0.253246753,0,0.048701299,-0.13,-0.402,0.107961,0
Q2VL32,0.449404375,0.212475634,0,0.023391813,1.68,-0.164,0.999877,0
Q2YHF0,0.479523013,0.226749336,0,0.020372011,2.41,-0.254,1.25711,0
Q32NN2,0.450309547,0.249266862,0,0,0.19,-0.125,0.0542991,0
Q32ZE1,0.484290403,0.229306815,0,0.031880667,1.48,-0.145,1.34795,0
Q38087,0.449723145,0.271317829,0,0.016611296,1.7,-0.263,0.947473,0
Q38151,0.411199295,0.341269841,0.801587302,0,#N/A,-0.476,-0.506334,0
Q38503,0.454960317,0.303571429,1,0,#N/A,,-0.664216,0
Q38825,0.453132144,0.24691358,0,0.094650206,0.08,-0.185,0.805044,0
Q38HX3,0.436692506,0.244186047,1,0,#N/A,-0.481,-0.0662076,0
Q39532,0.443110022,0.25245098,0,0.110294118,1.53,-0.084,0.296505,0
Q3LS93,0.314251942,0.303951368,0.805471125,0.462006079,6.57,0.051,3.77602,0
Q3MIT2,0.464671288,0.266540643,0,0,1.13,-0.332,0.263066,0
Q3U4G3,0.491241497,0.206632653,0,0.18877551,0.68,-0.285,-0.120572,0
Q3UKX1,0.476629213,0.220224719,0,0.031460674,0,-0.33,-0.312808,0
Q3UND0,0.407324643,0.337988827,0.226256983,0.044692737,0.7,-0.439,0.945856,0
Q3Y9I4,0.450511696,0.223684211,0,0,-0.07,-0.225,0.505093,0
Q40778,0.475593141,0.22832981,0,0,0.54,-0.214,0.531458,0
Q42512,0.438449241,0.316546763,0.892086331,0.26618705,#N/A,-0.264,0.8401,0
Q44177,0.437810945,0.26119403,0.447761194,0,#N/A,-0.438,-0.831492,0
Q45488,0.444942701,0.273542601,0,0,-0.44,-0.208,0.130161,0
Q46373,0.464994026,0.23655914,0,0,-1.83,-0.373,-0.916158,0
Q46389,0.497879559,0.240458015,0,0.053435115,-1.23,-0.292,-0.625795,0
Q46495,0.477336861,0.261904762,0,0,#N/A,-0.612,-0.340251,0
Q46509,0.481734656,0.203969129,0,0.027563396,1.76,-0.118,1.25337,0
Q46604,0.502367942,0.213114754,0,0,#N/A,-0.374,0.397148,0
Q46864,0.464206955,0.267175573,0,0,#N/A,-0.413,-0.0858102,0
Q46891,0.477174849,0.224806202,0,0,-0.82,-0.323,0.127858,0
Q46919,0.449643221,0.229357798,0,0.119266055,#N/A,-0.315,-2.10814,0
Q46925,0.504571904,0.179551122,0,0,-0.18,-0.175,-0.0633489,0
Q46EH4,0.507019811,0.259689922,0,0.096899225,-0.9,-0.377,0.0934552,0
Q47152,0.427878788,0.260606061,0,0,0.64,-0.446,-0.309639,0
Q47785,0.428586839,0.291262136,0.980582524,0,#N/A,-0.389,-0.158617,0
Q48245,0.46329103,0.163170163,0,0.072261072,2.29,0.191,2.08418,0
Q48271,0.525084175,0.272727273,1,0.166666667,#N/A,-0.758,-1.4025,0
Q48935,0.503160639,0.19941349,0,0.041055718,1.24,-0.232,0.799196,0
Q49492,0.467147857,0.251968504,0,0,-0.47,-0.375,-0.00733462,0
Q49610,0.488213213,0.246621622,0,0,0.22,-0.225,0.694764,0
Q4DRC4,0.464361457,0.315352697,0.099585062,0,-0.34,-0.428,-0.0868393,0
Q4F883,0.462880199,0.268156425,0,0.024208566,0.52,-0.388,0.302925,0
Q4FP21,0.462300512,0.260162602,0,0.035230352,-0.44,-0.283,1.10656,0
Q4JC35,0.483912037,0.232638889,0,0,-0.62,-0.299,0.375062,0
Q4JC68,0.470114943,0.299455535,0,0,-0.41,-0.424,0.464793,0
Q4Q159,0.504738071,0.219219219,0,0.048048048,0.32,-0.346,0.535477,0
Q4Q5S8,0.461968857,0.2304038,0.026128266,0.023752969,-0.36,-0.132,-0.0575662,0
Q4Q5U3,0.482354844,0.244541485,0,0,1.37,-0.32,0.945856,0
Q4QCD2,0.479562695,0.228915663,0.008032129,0,0.32,-0.326,0.284809,0
Q4QDS0,0.468217054,0.250341997,0,0.098495212,0.9,-0.167,0.281427,0
Q4QF76,0.487046343,0.216080402,0.055276382,0,-0.59,-0.393,-0.104645,0
Q4UNB3,0.441168091,0.294871795,1,0,#N/A,-0.485,-0.4291,0
Q4V8K1,0.531843972,0.168085106,0,0.055319149,0.71,-0.215,-0.261465,0
Q4VP08,0.49,0.244444444,0.088888889,0,#N/A,-0.453,-1.58109,0
Q50744,0.51536864,0.224299065,0,0.052959502,-0.27,-0.346,0.637312,0
Q51739,0.463966942,0.259504132,0,0.024793388,1.18,-0.199,1.5,0
Q51792,0.50323741,0.179856115,0,0,-0.61,-0.28,0.245097,0
Q51912,0.390001545,0.33379694,0.339360223,0.198887344,3.24,-0.049,1.4975,0
Q51948,0.487629995,0.21182266,0,0.133004926,-0.65,-0.206,-0.0124476,0
Q52060,0.532122507,0.169871795,0,0.121794872,-0.51,-0.265,-0.109284,0
Q52428,0.455377981,0.308219178,0,0,-0.38,-0.416,0.446726,0
Q53547,0.501987768,0.178899083,0,0,-0.35,-0.276,-0.454436,0
Q53654,0.393876209,0.292476754,0.02874049,0.038884193,0.62,-0.088,1.90552,0
Q53FT3,0.509701072,0.126903553,0,0,0.17,-0.078,-0.063741,0
Q53W63,0.46962963,0.307692308,0,0.076923077,-1.78,-0.397,-0.674001,0
Q53WG9,0.459399684,0.298578199,0,0.156398104,-0.18,-0.474,0.0488594,0
Q54530,0.482014538,0.25046729,0,0.102803738,1.55,-0.349,1.01979,0
Q54765,0.504952753,0.208211144,0,0,0.26,-0.409,0.117534,0
Q54G86,0.479738562,0.235294118,0,0,#N/A,-0.206,1.09719,0
Q54J50,0.47523427,0.277108434,0.361445783,0,1.19,-0.472,0.402473,0
Q54J69,0.448489503,0.267281106,0,0,-1.12,-0.273,0.574518,0
Q55356,0.458333333,0.285714286,0.910714286,0,#N/A,-0.538,0.15682,0
Q55DL0,0.467373537,0.258449304,0.053677932,0.02584493,0.38,-0.433,0.965949,0
Q56026,0.459021704,0.172011662,0,0,-0.28,-0.178,0.136989,0
Q56062,0.498983051,0.223728814,0,0.044067797,-0.87,-0.157,-0.198884,0
Q56148,0.520848939,0.230337079,0,0,-0.69,-0.464,0.29871,0
Q56229,0.617226125,0.088992974,0,0.423887588,0.03,-0.284,-0.429361,0
Q56237,0.448015873,0.289285714,0.185714286,0.232142857,1.18,-0.403,1.06202,0
Q56320,0.490243902,0.27804878,0,0,1.25,-0.464,0.246633,0
Q56403,0.492656671,0.243944637,0,0,0.48,-0.303,0.657421,0
Q57074,0.473809524,0.261904762,0.603174603,0.119047619,#N/A,-0.375,0.21486,0
Q57160,0.459401709,0.232692308,0,0,1.23,-0.202,0.530266,0
Q57530,0.451602564,0.225961538,0.057692308,0.100961538,-0.04,-0.105,-0.161329,0
Q57565,0.462774082,0.33037694,0,0.099778271,-0.81,-0.428,1.04237,0
Q57573,0.485008818,0.285714286,0,0,0.03,-0.315,0.837552,0
Q57594,0.450771242,0.291764706,0,0.049411765,0.87,-0.325,0.924195,0
Q57703,0.467020806,0.330677291,0,0,-0.84,-0.534,1.35194,0
Q57733,0.487906274,0.265306122,0,0.12244898,0.6,-0.429,-0.321907,0
Q57818,0.498337113,0.31292517,0,0,-0.03,-0.641,-0.100757,0
Q57834,0.461038489,0.316993464,0,0,-0.66,-0.474,0.544363,0
Q57839,0.489642185,0.271186441,1,0.203389831,#N/A,,-1.36863,0
Q57887,0.425490196,0.352941176,0.705882353,0.068627451,#N/A,-0.561,-0.0865943,0
Q57903,0.488187135,0.347368421,0.084210526,0,#N/A,-0.797,0.0850098,0
Q57904,0.560213244,0.176767677,0,0.090909091,0.82,-0.339,-0.684766,0
Q57WT9,0.472269706,0.247863248,0,0,0.18,-0.343,0.142233,0
Q58025,0.488925081,0.302931596,0,0,-1.08,-0.612,0.651785,0
Q58033,0.528450106,0.280254777,0,0.070063694,-1.29,-0.473,-0.560731,0
Q58108,0.472077295,0.334782609,0,0,-1.25,-0.485,0.599397,0
Q58134,0.442887815,0.371980676,0,0,-1.28,-0.61,0.517148,0
Q58293,0.465509259,0.354166667,0,0.107142857,-0.19,-0.53,0.742659,0
Q58440,0.404980843,0.413793103,1,0,#N/A,-0.861,-0.0442528,0
Q58487,0.470405983,0.307692308,0,0.150641026,-0.33,-0.393,1.11249,0
Q58499,0.510165485,0.276595745,0,0,-1.88,-0.431,0.650854,0
Q58504,0.500525526,0.27027027,0,0.209459459,-0.02,-0.331,0.970098,0
Q58517,0.501984127,0.244897959,0,0,-1.05,-0.47,0.299266,0
Q58820,0.476098191,0.290697674,0,0.01744186,0.63,-0.241,1.3899,0
Q58MU6,0.42513114,0.300429185,0,0,-0.39,-0.473,0.778352,0
Q59014,0.475293015,0.299578059,0,0.05907173,-1.17,-0.461,1.09843,0
Q59034,0.46796748,0.312195122,0,0.131707317,0.73,-0.514,0.257333,0
Q59263,0.49408284,0.230769231,0,0,0.22,-0.306,0.271724,0
Q59471,0.480208333,0.214285714,0,0.102678571,-0.92,-0.213,0.219418,0
Q59472,0.448876044,0.300578035,0,0.092485549,-1.91,-0.325,-0.893174,0
Q5D1E7,0.425298285,0.236577181,0.087248322,0.122483221,4.1,-0.065,0.83422,0
Q5F6E9,0.505824628,0.219373219,0,0.07977208,-0.14,-0.313,-0.310178,0
Q5F924,0.473444444,0.23,0.42,0,#N/A,-0.408,-1.01976,0
Q5HCN2,0.45818399,0.268817204,0,0,-1.94,-0.183,0.00922954,0
Q5JE88,0.447281324,0.340425532,0.574468085,0,#N/A,-0.671,-1.25291,0
Q5JIH3,0.485531575,0.330935252,0,0.115107914,#N/A,-0.66,-0.209813,0
Q5JJ98,0.453344389,0.327114428,0,0.075870647,-0.38,-0.492,0.902714,0
Q5JJF4,0.477177177,0.301158301,0,0,-0.57,-0.325,-0.017773,0
Q5KXG9,0.472156863,0.235294118,0,0,0.41,-0.34,0.546225,0
Q5L0X5,0.460962112,0.272030651,0.038314176,0,-0.85,-0.439,0.0587587,0
Q5LS56,0.515555556,0.193939394,0,0.093939394,0.71,-0.261,0.861042,0
Q5NFC4,0.464938272,0.235185185,0,0.02962963,-0.21,-0.004,0.774464,0
Q5NGF3,0.50035461,0.216312057,0,0.053191489,-1.5,-0.449,0.0464907,0
Q5NII9,0.518984127,0.24,0,0.057142857,-0.78,-0.451,0.287472,0
Q5RJL0,0.366745469,0.329787234,0.489361702,0.063829787,0.58,-0.201,0.636854,0
Q5S1W7,0.379597141,0.210526316,0.251461988,0.274853801,2.58,0.141,1.84607,0
Q5SBG8,0.483328478,0.224293621,0,0.034080979,2.64,-0.158,1.31772,0
Q5SFD1,0.462528345,0.209183673,0.025510204,0.051020408,0.48,-0.33,-0.127515,0
Q5SHD6,0.528924162,0.206349206,0,0,#N/A,-0.466,-0.914737,0
Q5SHF5,0.494766506,0.246376812,0,0.09057971,-0.6,-0.4,0.132089,0
Q5SHN5,0.473773919,0.274963821,0,0.013024602,0.54,-0.245,0.856338,0
Q5SHS3,0.511848341,0.241706161,0,0.056872038,0.56,-0.412,0.357894,0
Q5SID6,0.531176746,0.223628692,0,0.278481013,-1.54,-0.295,-0.482272,0
Q5SIP7,0.503455285,0.268292683,0.042682927,0.152439024,0.32,-0.509,0.887342,0
Q5SJ65,0.476357179,0.232876712,0,0,1.51,-0.33,-0.0259407,0
Q5SJC4,0.523226238,0.204819277,0,0.072289157,-0.84,-0.356,-0.053662,0
Q5SJG6,0.457834758,0.333333333,0.5,0.102564103,0.52,-0.531,-0.0677922,0
Q5SJP7,0.510738255,0.255033557,0,0.120805369,-0.43,-0.572,-0.0762376,0
Q5SJS4,0.49971174,0.233490566,0,0.063679245,0.98,-0.292,0.910212,0
Q5SKG8,0.509201389,0.296875,1,0,#N/A,-0.764,-0.33344,0
Q5SLL6,0.49188755,0.245783133,0,0.151807229,-0.53,-0.398,0.0993196,0
Q5SLM3,0.455795207,0.27254902,0,0.060784314,0.9,-0.353,0.390793,0
Q5SLP1,0.493838618,0.22737819,0,0.07424594,0.78,-0.264,0.921663,0
Q5T4W7,0.464545455,0.177272727,0.059090909,0.468181818,1.82,-0.094,-0.220578,0
Q5UB51,0.477092756,0.223893805,0,0.019469027,1.67,-0.209,1.30532,0
Q5V913,0.461329365,0.257142857,0.046428571,0.042857143,0.88,-0.252,1.01992,0
Q5VZK9,0.446697463,0.262582057,0.226112327,0.072210066,1.62,-0.166,0.934928,0
Q5W265,0.501532567,0.206896552,1,0,#N/A,-0.424,-1.0397,0
Q5XJY5,0.456621005,0.272015656,0,0.058708415,1.26,-0.327,0.603563,0
Q5ZUV9,0.448295706,0.290836653,0.155378486,0,0.06,-0.202,0.888731,0
Q60185,0.500770077,0.237623762,0.940594059,0.089108911,#N/A,-0.448,0.237861,0
Q60365,0.47962963,0.333333333,0,0,#N/A,-0.674,0.895053,0
Q60675,0.452968427,0.232520847,0,0.033996151,3.59,-0.121,1.47222,0
Q60773,0.497791165,0.204819277,0,0,-0.48,-0.359,-0.227798,0
Q60795,0.41889075,0.269681742,0.060301508,0.043551089,1.81,-0.157,0.395531,0
Q60AX2,0.454877014,0.267175573,0,0,#N/A,-0.475,-0.141465,0
Q61001,0.467891937,0.182625067,0,0.041420118,4.72,-0.063,1.20593,0
Q61081,0.391322193,0.390501319,0.10817942,0.10817942,1.41,-0.488,0.265843,0
Q61337,0.392211329,0.235294118,1,0.044117647,1.37,-0.09,1.06785,0
Q61845,0.370328283,0.386363636,1,0,#N/A,-0.501,-0.285168,0
Q62165,0.45826801,0.209406495,0.0806271,0.167973124,2.42,-0.112,0.264324,0
Q62264,0.455037037,0.26,0.106666667,0.16,0.99,-0.332,-0.929243,0
Q62627,0.382697456,0.322289157,0.771084337,0.072289157,3.38,-0.034,1.11091,0
Q62902,0.440103159,0.237911025,0,0.092843327,2.04,-0.057,1.06149,0
Q63K18,0.434207241,0.202247191,1,0,#N/A,-0.131,-0.49271,0
Q64373,0.457129232,0.227467811,0,0.077253219,0.13,-0.374,0.220561,0
Q64693,0.470876736,0.140625,0.15234375,0.05859375,0.48,-0.121,-1.24983,0
Q647G9,0.408812261,0.282758621,0.062068966,0.075862069,-1.08,-0.238,-1.18352,0
Q658P3,0.52345173,0.182377049,0,0.069672131,-0.18,-0.358,-0.628344,0
Q68FT9,0.477006173,0.224537037,0,0,0.38,-0.298,0.403747,0
Q68J44,0.430959596,0.290909091,0.131818182,0.040909091,0.75,-0.365,-0.000702425,0
Q69422,0.505105525,0.173184358,0.011522346,0.035265363,3.28,-0.127,0.749144,0
Q6A070,0.451845596,0.234797297,0.000563063,0.091779279,3.92,-0.062,1.0697,0
Q6BBK3,0.39837037,0.32,1,0.106666667,#N/A,-0.492,-1.59199,0
Q6CMF0,0.501287811,0.221024259,0,0.033243486,-0.35,-0.185,0.198264,0
Q6F3E8,0.44414003,0.287671233,0.342465753,0.054794521,-0.22,-0.417,1.14502,0
Q6G7I0,0.489013733,0.194756554,0,0.052434457,-0.28,-0.107,1.06259,0
Q6GX35,0.438286346,0.177114428,0.069651741,0.252736318,3.53,-0.012,1.72081,0
Q6MRH6,0.436193619,0.247524752,1,0,#N/A,-0.355,0.370423,0
Q6P8Z1,0.44503268,0.235294118,0.2,0.052941176,0.48,-0.387,-0.513211,0
Q6QCC2,0.459286294,0.237226277,0,0.069343066,-0.35,-0.345,1.47749,0
Q6QDB5,0.507098765,0.184027778,0,0.097222222,-0.13,-0.216,-0.186992,0
Q6QGP7,0.445012165,0.270072993,0.459854015,0,#N/A,-0.325,0.746139,0
Q6SJQ7,0.475997362,0.195845697,0.050445104,0.261127596,1.98,-0.262,0.170412,0
Q6WVP6,0.483821734,0.21978022,0,0,-0.01,-0.312,0.228386,0
Q6WY08,0.511744023,0.132911392,0,0.113924051,-1.32,-0.149,-0.0326873,0
Q6ZVN8,0.48868023,0.166666667,0,0.251173709,2.55,-0.19,0.687233,0
Q703G9,0.454526749,0.228395062,0.053497942,0.03600823,0.88,-0.136,1.00564,0
Q703I2,0.487723133,0.272131148,0,0.039344262,-0.49,-0.389,0.425898,0
Q709Q5,0.490687219,0.19460501,0,0.019267823,0.8,-0.204,0.351343,0
Q70Q12,0.523640662,0.180851064,0.329787234,0,#N/A,-0.452,-0.765578,0
Q711P7,0.451226994,0.263803681,0,0.018404908,0.55,-0.175,0.784119,0
Q71FK2,0.48045007,0.17721519,0.130801688,0.11814346,-0.44,-0.22,-0.315176,0
Q72J05,0.522314815,0.24,0,0.068333333,0.01,-0.337,0.222963,0
Q72J35,0.502136752,0.269230769,0,0.067307692,1.24,-0.469,-0.306078,0
Q72LL6,0.487797369,0.251889169,0,0.090680101,2.11,-0.375,0.573489,0
Q75UV1,0.482275132,0.285714286,0,0,#N/A,-0.6,-0.0985519,0
Q76G20,0.468055556,0.27173913,0,0,0.05,-0.491,0.619996,0
Q76HN4,0.468900198,0.250636132,0,0.017811705,0.99,-0.365,1.1113,0
Q797E6,0.46269196,0.268292683,0,0,#N/A,-0.521,-0.744521,0
Q79V61,0.490946502,0.287037037,0.787037037,0,#N/A,-0.581,-0.505942,0
Q7A189,0.454434251,0.183486239,0,0,#N/A,-0.297,-0.714252,0
Q7A225,0.442270531,0.27173913,0.52173913,0,#N/A,-0.446,0.165838,0
Q7A441,0.480808081,0.246753247,1,0,#N/A,-0.445,-1.24689,0
Q7AKG8,0.434179894,0.314285714,1,0.085714286,#N/A,-0.545,-0.906194,0
Q7B2Z6,0.530487805,0.146341463,0.012195122,0,#N/A,-0.257,-0.226034,0
Q7B8V4,0.459147805,0.231481481,0,0.008487654,0.26,-0.127,1.40544,0
Q7DB66,0.489239766,0.221052632,0,0,-0.92,-0.337,-0.262772,0
Q7LZ71,0.429888028,0.248062016,0.317829457,0,#N/A,-0.467,0.165315,0
Q7M3Y3,0.301940639,0.510273973,1,0.582191781,5.76,-0.437,0.870484,0
Q7M4T6,0.457309942,0.276315789,1,0,#N/A,-0.501,0.520432,0
Q7M537,0.474494409,0.293361884,0,0.055674518,-0.27,-0.404,0.501727,0
Q7Q3R9,0.426105717,0.291262136,1,0.475728155,#N/A,-0.435,-1.04139,0
Q7SIC1,0.462728551,0.164556962,0,0,0.2,-0.146,0.0830658,0
Q7SID0,0.474277017,0.260273973,0,0,-1.96,-0.364,-0.431028,0
Q7SID5,0.42760771,0.239795918,0,0,-0.26,-0.293,-0.422991,0
Q7SIF8,0.427693603,0.257575758,0.545454545,0,#N/A,-0.313,0.619114,0
Q7SIG4,0.447416844,0.25477707,0,0,1.24,-0.234,1.08552,0
Q7TP21,0.465702614,0.220588235,0,0.051470588,1.87,0.026,1.0039,0
Q7VYU0,0.595052083,0.078125,0,0.296875,#N/A,-0.412,-0.433919,0
Q7WG29,0.496958411,0.212290503,0,0.067039106,-0.94,-0.328,-0.191158,0
Q7X2A1,0.47623081,0.152991001,0,0.049232398,3.11,-0.051,1.6481,0
Q7YUB9,0.32622739,0.360465116,1,0,#N/A,-0.517,-0.606176,0
Q7Z094,0.507246377,0.152173913,1,0,#N/A,,-2.71868,0
Q7Z2Z2,0.460406746,0.255357143,0,0.024107143,0.53,-0.34,0.673332,0
Q7ZAK5,0.453385232,0.248407643,0,0,-0.24,-0.232,0.536244,0
Q808Y3,0.423943237,0.183423913,0.101902174,0.059782609,4.07,0.141,1.60045,0
Q80FJ1,0.441244444,0.232,0.472,0.128,#N/A,-0.305,-0.299609,0
Q80VP1,0.4392657,0.203478261,0.579130435,0.269565217,4.88,0.011,0.628099,0
Q80VW5,0.452711208,0.213507625,0.092592593,0.096949891,2.23,-0.064,1.24295,0
Q80ZV0,0.437409812,0.295454545,0.168831169,0.113636364,-0.53,-0.374,0.668921,0
Q81AN8,0.433009709,0.216019417,0,0.029126214,0.66,-0.105,1.54937,0
Q81EJ6,0.45982906,0.234432234,0,0.073260073,-1.12,-0.242,0.418221,0
Q81G39,0.480555556,0.236111111,0,0,0.21,-0.238,0.286263,0
Q81IL5,0.486660644,0.235772358,0,0,1.28,-0.332,0.338422,0
Q81MI9,0.459346405,0.270588235,0,0,-0.57,-0.513,-0.00163355,0
Q81U22,0.45405502,0.279742765,0,0,-0.73,-0.301,0.214452,0
Q81W73,0.437170264,0.28057554,0,0,#N/A,-0.492,-0.0882278,0
Q83AR4,0.449763593,0.281914894,0,0,-0.04,-0.458,0.442315,0
Q84BQ9,0.502580927,0.244094488,0,0.094488189,-0.59,-0.435,0.30433,0
Q84MC7,0.474985146,0.240641711,0,0,-1.14,-0.419,-0.161035,0
Q84ZX5,0.449579125,0.204545455,0.734848485,0.46969697,#N/A,-0.068,0.112045,0
Q85258,0.465357276,0.260942761,0,0.065656566,1.86,-0.266,0.617595,0
Q868N5,0.451123666,0.257062147,0,0.010734463,0.6,-0.23,0.943373,0
Q869A5,0.464646465,0.244318182,0,0.068181818,-0.27,-0.194,0.359299,0
Q86C09,0.474992431,0.253405995,0,0.027247956,-0.77,-0.383,-0.281705,0
Q86FP8,0.395416667,0.3,1,0.3625,#N/A,-0.304,-0.919213,0
Q86FP9,0.405344585,0.316455696,1,0.493670886,#N/A,-0.486,-0.915684,0
Q86MV5,0.44930413,0.250513347,0,0,1.26,-0.218,0.2491,0
Q86YV5,0.434463411,0.199857752,0.317923186,0.150071124,2.97,-0.053,0.976338,0
Q87P35,0.444512821,0.196923077,0,0.113846154,0.01,-0.016,0.566449,0
Q87WW0,0.439234973,0.301639344,0,0,-0.41,-0.41,0.424363,0
Q87XG5,0.474677813,0.235109718,0,0,0,-0.34,-0.0305637,0
Q885L4,0.444849959,0.277372263,0.605839416,0,#N/A,-0.241,0.131664,0
Q88K57,0.488275862,0.172413793,0,0,-0.35,-0.185,-1.2263,0
Q88MI5,0.433816425,0.282608696,1,0,#N/A,-0.464,-0.786798,0
Q88QV5,0.472167217,0.198019802,0,0,0.62,-0.301,0.583683,0
Q8A6W3,0.453079304,0.195965418,0,0,2.78,0.062,1.94591,0
Q8A712,0.493157182,0.280487805,0,0,-0.57,-0.528,0.826509,0
Q8AVN9,0.449512299,0.177480916,0,0.085877863,2.26,-0.082,0.928459,0
Q8BGS2,0.419896641,0.337209302,1,0,#N/A,-0.633,-1.83995,0
Q8BH64,0.465152445,0.278084715,0.044198895,0.02946593,0.48,-0.323,0.688524,0
Q8BHZ5,0.421514508,0.305732484,0.675159236,0.178343949,0.34,-0.464,-0.958467,0
Q8BPB0,0.46244856,0.236111111,0,0,-0.42,-0.409,-0.337719,0
Q8BTI9,0.475574353,0.248120301,0,0.031954887,0.06,-0.285,0.448245,0
Q8CJ26,0.473976608,0.188596491,0,0,0.88,-0.251,-0.158503,0
Q8CJF7,0.451122009,0.24164066,0.231386536,0.069103879,1.79,-0.251,0.789411,0
Q8CM25,0.543939394,0.125,0,0.03125,0,-0.264,0.0784102,0
Q8DEM0,0.506897976,0.226765799,0,0.048327138,-0.14,-0.291,0.505909,0
Q8DHJ2,0.675448029,0.064516129,0.064516129,0.209677419,#N/A,-0.535,-2.20838,0
Q8DIF8,0.527548807,0.143167028,0,0.04989154,0.85,-0.16,1.07347,0
Q8DJ43,0.578282828,0.136363636,0.545454545,0.257575758,#N/A,-0.548,-1.13028,0
Q8DKZ3,0.610380117,0.078947368,0.157894737,0.394736842,#N/A,-0.356,-1.93905,0
Q8DLG7,0.500644122,0.231884058,0.079710145,0.260869565,#N/A,-0.384,-0.73686,0
Q8DLN5,0.453153153,0.252252252,0,0,#N/A,-0.398,-0.173368,0
Q8EEB0,0.501498127,0.221910112,0,0.073033708,-0.27,-0.283,0.263262,0
Q8EHB5,0.496356519,0.181571816,0,0,0.4,-0.241,0.707048,0
Q8GPH6,0.493626184,0.23255814,0,0,#N/A,-0.432,-0.549688,0
Q8GPI4,0.490631808,0.235294118,1,0,#N/A,,-0.69411,0
Q8GT36,0.450916936,0.252427184,1,0.495145631,#N/A,-0.412,1.85687,0
Q8GUI6,0.433834149,0.28721174,0.053459119,0.047169811,1.57,-0.254,0.935744,0
Q8GXX0,0.431704479,0.22513089,0,0,-0.02,-0.199,-0.629912,0
Q8GY88,0.452740741,0.273333333,0,0,-0.32,-0.425,0.412585,0
Q8GYN5,0.343391259,0.274881517,1,0.132701422,0.95,-0.145,1.24143,0
Q8H1D4,0.44629108,0.197183099,0,0,0.25,-0.108,0.0568964,0
Q8I295,0.448431983,0.254205607,0,0.069158879,-0.29,-0.208,0.640563,0
Q8I2X3,0.483333333,0.204545455,0,0.161616162,-0.23,-0.273,1.02918,0
Q8IG33,0.415471924,0.349462366,0.258064516,0.139784946,0.45,-0.355,0.0193249,0
Q8ILA1,0.343303122,0.340382679,0.089627392,0.3081571,2.51,0.116,2.75073,0
Q8IVG9,0.537962963,0.25,1,0,#N/A,,-3.91391,0
Q8IVH4,0.481392876,0.236842105,0,0.028708134,0.03,-0.385,0.390679,0
Q8JUX6,0.467978083,0.236054972,0,0.051738076,1.96,-0.167,0.737612,0
Q8JVC1,0.46063589,0.250509165,0,0.044806517,0.67,-0.177,0.802251,0
Q8K368,0.495647452,0.233834586,0.02481203,0.056390977,0.23,-0.309,0.260714,0
Q8K419,0.47542604,0.162576687,0,0.036809816,1.58,0.099,1.11846,0
Q8K4J6,0.448317197,0.193983402,0.063278008,0.182572614,3.22,0.209,0.241422,0
Q8KRV3,0.601498127,0.101123596,0.314606742,0,#N/A,-0.262,-0.278895,0
Q8LBP4,0.486075036,0.194805195,0.142857143,0.123376623,0.61,-0.162,0.504325,0
Q8MWS6,0.436456843,0.278969957,0.381974249,0.343347639,1.54,-0.139,0.904413,0
Q8N1Q8,0.479307242,0.222672065,0,0,0.4,-0.33,-0.00380616,0
Q8N300,0.346801347,0.378787879,1,0,#N/A,-0.509,-1.21593,0
Q8N5Z0,0.485281046,0.197647059,0,0,-0.13,-0.232,0.192742,0
Q8NG31,0.426349749,0.266438941,0.015798463,0.038855679,0.63,-0.138,0.980406,0
Q8NKN9,0.528564405,0.216814159,0,0.132743363,0.38,-0.377,0.0948764,0
Q8NM20,0.411360799,0.247191011,1,0,#N/A,-0.244,-0.423677,0
Q8NQJ3,0.453613054,0.237762238,0.48951049,0,0.71,-0.337,0.201449,0
Q8NW68,0.432799311,0.300775194,0,0,0.45,-0.283,0.919654,0
Q8NX62,0.437071651,0.308411215,0.607476636,0,#N/A,-0.658,-0.328555,0
Q8PDX2,0.506311637,0.227810651,0,0.035502959,-0.81,-0.409,0.173989,0
Q8PZ95,0.412651265,0.356435644,1,0,#N/A,-0.46,-0.101721,0
Q8QWD4,0.42431562,0.173913043,1,0,#N/A,-0.115,-0.231081,0
Q8R1H0,0.41065449,0.273972603,1,0,#N/A,-0.542,-1.36007,0
Q8R316,0.426356589,0.23255814,0.07751938,0.065891473,1.61,-0.151,0.437921,0
Q8RGE3,0.451658375,0.335820896,0.649253731,0,#N/A,-0.462,-0.0962812,0
Q8RNT4,0.504298459,0.198540146,0,0.046715328,1.16,-0.196,0.234969,0
Q8RY59,0.447028862,0.273344652,0.008488964,0.020373514,1.08,-0.183,0.960411,0
Q8SV19,0.474479167,0.2578125,0.2109375,0,#N/A,-0.505,-0.378117,0
Q8T9B6,0.412222222,0.361111111,0.211111111,0.155555556,0.08,-0.462,-0.427793,0
Q8TE69,0.478973277,0.246835443,0,0,-0.42,-0.525,-0.249394,0
Q8TVD2,0.445561881,0.352941176,0,0.060721063,1.24,-0.543,0.491518,0
Q8TWU6,0.489928058,0.31294964,0,0.129496403,0.52,-0.494,0.371681,0
Q8U093,0.478722795,0.239690722,0,0,0,-0.297,1.18182,0
Q8U094,0.493951613,0.27016129,0,0,-0.42,-0.445,0.501907,0
Q8U0R7,0.475316035,0.296407186,0,0,1.62,-0.512,0.485033,0
Q8U122,0.505135802,0.28,0,0.106666667,-1.31,-0.575,0.312269,0
Q8U1K8,0.485169082,0.317391304,0,0.056521739,0.17,-0.557,0.530168,0
Q8VDP3,0.453032231,0.241412214,0.003816794,0.085877863,2.56,-0.141,0.543955,0
Q8VDQ1,0.482241216,0.193732194,0,0.056980057,0.95,-0.19,1.18524,0
Q8VEL9,0.433594005,0.26686217,0.237536657,0.167155425,0.64,-0.238,0.609068,0
Q8VHC5,0.411193112,0.302583026,0.291512915,0.20295203,0.34,-0.096,0.579468,0
Q8VTT5,0.481886701,0.251641138,0,0.067833698,0.48,-0.337,0.656653,0
Q8VY98,0.433166249,0.266917293,0.203007519,0.131578947,0.14,-0.297,0.194033,0
Q8VZS8,0.417596782,0.266968326,0.049773756,0.180995475,-0.6,-0.224,-0.104465,0
Q8WQM6,0.453519932,0.248091603,0.400763359,0.446564885,3.28,-0.226,-0.440584,0
Q8WQX9,0.485280765,0.24516129,0,0.012903226,0.06,-0.199,0.442054,0
Q8WUG5,0.539753467,0.138674884,0.070878274,0.268104777,1.78,-0.165,0.623508,0
Q8WUN7,0.428537512,0.269230769,0.188034188,0,0.24,-0.432,0.293548,0
Q8XAD5,0.383597884,0.365079365,1,0,#N/A,-0.599,-1.94653,0
Q8Y5F1,0.470340859,0.243027888,0,0,0.52,-0.289,0.311877,0
Q8Z9U1,0.478084099,0.223057644,0,0,0.57,-0.312,0.953632,0
Q8ZKB0,0.460857143,0.257142857,0,0,-0.09,-0.233,0.811726,0
Q8ZKL8,0.521157685,0.158682635,0,0,0.11,-0.316,0.154583,0
Q8ZLQ7,0.524065987,0.205240175,0,0.27510917,-0.48,-0.435,-0.616108,0
Q8ZNF9,0.478600823,0.207407407,0,0.04691358,0.64,-0.311,0.754029,0
Q8ZQC8,0.436677116,0.307210031,0,0,-0.81,-0.368,0.164809,0
Q8ZRP0,0.445550028,0.236318408,0,0,2.81,-0.068,1.71511,0
Q8ZRW0,0.425049477,0.220101781,0,0,1.81,-0.052,1.2279,0
Q91006,0.436645002,0.281337047,0.178272981,0.100278552,-0.98,-0.099,0.278716,0
Q91AU0,0.500749354,0.172093023,0.013953488,0.065448505,3.65,-0.134,0.856877,0
Q91H74,0.475244929,0.230020643,0,0.040106163,1.91,-0.21,1.28565,0
Q91V27,0.407834275,0.293220339,0.303389831,0.083050847,1.98,-0.171,0.518602,0
Q91VS8,0.450067814,0.245070423,0,0.089201878,1.83,-0.117,0.514126,0
Q91VW3,0.442054958,0.247311828,1,0,#N/A,-0.299,-0.452182,0
Q91ZE9,0.436156156,0.189189189,0.081081081,0,0.15,-0.117,-0.283175,0
Q91ZW2,0.479445858,0.201017812,0,0.040712468,-0.03,-0.311,-0.299658,0
Q920Q2,0.446081309,0.23458767,0,0.052041633,0.94,-0.138,0.921255,0
Q921Z5,0.45342312,0.287878788,0,0,0.57,-0.493,-0.30696,0
Q923B0,0.451901566,0.214765101,0,0,-0.47,-0.376,-0.00570108,0
Q928V6,0.435447394,0.305309735,0,0,0.24,-0.339,0.637345,0
Q92KZ3,0.508942276,0.204204204,0,0.108108108,-0.7,-0.316,0.802169,0
Q93113,0.468367889,0.220095694,0,0,0.04,-0.236,-0.122042,0
Q93HU3,0.445840043,0.215780998,0,0.025764895,2.32,-0.229,1.01038,0
Q93KQ4,0.473371648,0.275862069,0.525862069,0,#N/A,-0.415,-0.152851,0
Q93P54,0.450202602,0.22840691,0,0.02303263,1.29,-0.172,1.00573,0
Q93UJ2,0.50857304,0.203045685,0,0,-0.13,-0.29,0.359413,0
Q95V77,0.323853924,0.391608392,1,0.097902098,-1.13,-0.326,0.978135,0
Q96270,0.353714661,0.295857988,1,0.130177515,-1.4,-0.232,0.433396,0
Q96273,0.371592211,0.288659794,1,0,#N/A,-0.385,0.0944843,0
Q966X9,0.455252525,0.172727273,0.709090909,0,#N/A,-0.362,-0.0417698,0
Q96F81,0.489494022,0.167979003,0,0.014435696,0.76,-0.146,0.122451,0
Q96LD8,0.470807128,0.20754717,0,0,-1.72,-0.274,-0.490587,0
Q96N21,0.466328042,0.180952381,0.175238095,0.16952381,3.76,-0.017,0.329209,0
Q96RJ3,0.485869565,0.195652174,0.320652174,0.315217391,1.99,-0.374,-0.437235,0
Q970U6,0.496926714,0.24822695,0,0,-0.33,-0.345,0.19975,0
Q972D2,0.475353107,0.269067797,0,0.029661017,0.53,-0.293,1.35307,0
Q975F9,0.488085342,0.264339152,0,0,-0.21,-0.404,1.33155,0
Q975R3,0.498148148,0.261111111,0,0,-0.32,-0.427,0.775052,0
Q976E4,0.487179487,0.265934066,0,0.083516484,-0.06,-0.321,1.03065,0
Q976J8,0.478769841,0.267857143,1,0,#N/A,,-0.649155,0
Q977U7,0.473887333,0.260504202,0.044817927,0,0.69,-0.334,0.494883,0
Q97CA5,0.465190365,0.276223776,0,0,0.31,-0.226,0.441433,0
Q97PK0,0.486624738,0.226415094,0,0,-0.89,-0.344,0.0448082,0
Q97S61,0.506009783,0.283018868,0,0,-1.45,-0.575,-0.728006,0
Q97TX9,0.482233223,0.277227723,0,0.079207921,-1.35,-0.517,-0.376516,0
Q97UL5,0.47042735,0.283076923,0,0.095384615,1.41,-0.327,0.50885,0
Q97VT7,0.474097665,0.280254777,0,0,1.21,-0.459,0.708927,0
Q97W02,0.474526515,0.332386364,0,0.042613636,-0.57,-0.435,0.562136,0
Q97W59,0.464908074,0.294964029,0,0,#N/A,-0.542,-0.520252,0
Q97W94,0.484691358,0.240740741,0,0,-0.54,-0.336,-0.015143,0
Q97Z79,0.454051796,0.342105263,0,0.052631579,1.12,-0.552,0.467782,0
Q97ZE3,0.419074074,0.35,1,0,#N/A,-0.72,0.342702,0
Q97ZF4,0.472534332,0.325842697,0.752808989,0,#N/A,-0.554,0.140714,0
Q97ZL0,0.455665567,0.316831683,0.99009901,0,#N/A,-0.524,0.312367,0
Q980A5,0.497858099,0.238554217,0,0,-0.22,-0.387,0.583666,0
Q980C1,0.456481481,0.375,0.989583333,0,#N/A,-0.774,0.0126436,0
Q980K0,0.481521739,0.260869565,0.369565217,0,#N/A,-0.454,-0.355296,0
Q980M2,0.431784512,0.321212121,0.357575758,0,-0.07,-0.517,0.226949,0
Q980V5,0.428174603,0.321428571,1,0,#N/A,,-1.56533,0
Q980W3,0.435004177,0.293233083,0.556390977,0.097744361,#N/A,-0.477,0.820302,0
Q98148,0.280101358,0.361445783,0.854561102,0.617039587,4.94,0.381,0.784592,0
Q98157,0.492434988,0.20212766,0.617021277,0.127659574,#N/A,-0.465,-1.36133,0
Q98325,0.483218073,0.228215768,0.116182573,0.112033195,-0.31,-0.328,-1.24038,0
Q988C8,0.526788925,0.223300971,0,0,-0.43,-0.379,0.064084,0
Q98GN8,0.573583725,0.152112676,0,0.152112676,0.69,-0.323,-0.491632,0
Q99250,0.499767249,0.228927681,0.05436409,0.117206983,1.9,-0.259,0.780803,0
Q997F2,0.409307992,0.287280702,0,0,3.15,-0.297,1.01094,0
Q99IB8,0.500249112,0.169798879,0.016485328,0.082096934,3.49,-0.054,0.91918,0
Q99JT9,0.420235878,0.329608939,0,0,0.49,-0.463,-0.448621,0
Q99LJ8,0.474859708,0.215488215,0,0.181818182,0.18,-0.309,-0.217,0
Q99LM3,0.38939724,0.335511983,0.583877996,0.145969499,2.51,-0.253,0.913071,0
Q99ML1,0.427173287,0.21761658,0.772020725,0.336787565,1.31,-0.124,-0.497366,0
Q99P68,0.419589258,0.246445498,0.17535545,0.037914692,0.73,-0.263,0.125946,0
Q99T13,0.521799308,0.200692042,0,0,0.5,-0.285,0.435438,0
Q99TQ0,0.520419103,0.192982456,0,0,-0.69,-0.239,-0.189753,0
Q99ZW2,0.433983106,0.317251462,0,0.039473684,1.07,-0.342,1.40372,0
Q9B6D4,0.662546816,0.101123596,0,0,#N/A,-0.543,-1.08773,0
Q9BP38,0.450357375,0.216374269,0,0.134502924,0.65,-0.337,-0.401656,0
Q9BSY4,0.446060606,0.209090909,0.509090909,0,#N/A,-0.355,-2.08878,0
Q9BTL3,0.294350282,0.271186441,0.974576271,0.271186441,#N/A,0.179,1.21033,0
Q9BUH6,0.458496732,0.245098039,0.264705882,0.284313725,2.71,-0.332,0.0341575,0
Q9BYI3,0.462145447,0.193857965,0.088291747,0.134357006,1.05,-0.219,0.234692,0
Q9C1S9,0.469981326,0.153361345,0,0.155462185,3.49,-0.126,0.252024,0
Q9CFW7,0.502714165,0.251908397,0,0.049618321,-0.4,-0.469,0.0784919,0
Q9CQK7,0.407270233,0.353909465,0.300411523,0.131687243,1.98,-0.539,0.0983232,0
Q9CQM5,0.455826558,0.300813008,0.544715447,0,#N/A,-0.625,-0.538237,0
Q9CQP2,0.470396825,0.228571429,0,0,-0.55,-0.387,-0.207558,0
Q9CX60,0.411216931,0.333333333,0.99047619,0,#N/A,-0.538,-1.12078,0
Q9CXW3,0.405337215,0.35371179,0.43231441,0,-0.1,-0.365,0.112747,0
Q9D2P4,0.500220022,0.247524752,0,0,#N/A,-0.686,-0.0724315,0
Q9D967,0.473780488,0.219512195,0,0,0.41,-0.342,-0.0479119,0
Q9DBB5,0.475469673,0.212560386,0.028985507,0.1352657,-1.03,-0.399,-0.484771,0
Q9DBG5,0.459572845,0.208237986,0,0.034324943,1.19,-0.141,-0.113237,0
Q9DBZ9,,0.249660787,0.2578019,0.164179104,#N/A,-0.152,0.743443,0
Q9DCL8,0.368770227,0.344660194,1,0.087378641,0.81,-0.464,0.291457,0
Q9DDG2,0.405820106,0.326530612,0.721088435,0.346938776,0.77,-0.595,0.528583,0
Q9DEA6,0.441610306,0.269565217,0.171014493,0.104347826,-1.11,-0.099,0.219696,0
Q9DQX7,0.470083968,0.237258348,0,0.072056239,0.92,-0.095,0.691039,0
Q9EPH0,0.539083035,0.170698925,0.02688172,0.033602151,0.62,-0.262,0.361651,0
Q9EPU7,0.408809524,0.267857143,0,0,0.11,-0.263,0.605392,0
Q9EPV8,0.453881279,0.301369863,0.164383562,0,#N/A,-0.647,-0.171,0
Q9ERE3,0.457862903,0.262096774,0,0,2.11,-0.261,0.431991,0
Q9ERE7,0.406696429,0.34375,0.325892857,0.209821429,-0.52,-0.379,0.514992,0
Q9ES89,0.495387205,0.178787879,0,0.06969697,-0.23,-0.145,0.167275,0
Q9ESJ0,0.498696785,0.207645526,0,0.038227628,-0.24,-0.226,-0.0899921,0
Q9F1Q3,0.531762653,0.246073298,0,0.282722513,-0.62,-0.595,-0.0548218,0
Q9F8T9,0.481256039,0.260869565,0,0,-1.21,-0.449,-0.0681026,0
Q9FD71,0.488047578,0.219321149,0,0,0.55,-0.221,0.19021,0
Q9FG31,0.409493671,0.202531646,0.867088608,0.424050633,5.82,-0.078,1.64111,0
Q9FGQ2,0.565117158,0.149659864,0.074829932,0,-1,-0.396,-0.582163,0
Q9FIX2,0.434006734,0.309090909,0.060606061,0,-1.02,-0.45,0.351817,0
Q9FK81,0.505805806,0.243243243,0,0,#N/A,-0.496,-0.700334,0
Q9FLN8,0.489119171,0.20984456,0,0,-0.16,-0.167,0.498134,0
Q9FUM5,0.44034188,0.246153846,1,0.215384615,#N/A,-0.308,0.511333,0
Q9GSG7,0.445098039,0.235294118,0,0.100217865,3.31,0.418,0.680928,0
Q9GU80,0.456201291,0.278557114,0,0.052104208,-0.59,-0.275,0.50488,0
Q9GZU1,0.517816092,0.170689655,0.062068966,0.081034483,1.44,-0.229,-0.0124966,0
Q9HCB6,0.432865207,0.271375465,0,0.063197026,1.61,-0.374,0.183153,0
Q9HIY5,0.466089965,0.256055363,0,0,1.29,-0.282,0.969837,0
Q9HJ78,0.4,0.363636364,1,0,#N/A,,-0.244803,0
Q9HKS9,0.48681257,0.262626263,0,0.025252525,0.2,-0.288,1.04488,0
Q9HKT1,0.462340967,0.312977099,0,0.057251908,-0.46,-0.339,0.296244,0
Q9HU15,0.485085875,0.220820189,0,0,0.81,-0.156,0.861091,0
Q9HZ76,0.499597648,0.208913649,0,0,0.72,-0.265,0.0221182,0
Q9I1X7,0.441137566,0.29047619,0.03452381,0.082142857,1.48,-0.315,1.0227,0
Q9I2Y2,0.488672087,0.273170732,0,0,-0.99,-0.346,-0.644058,0
Q9I317,0.48026534,0.223880597,1,0.358208955,#N/A,-0.435,-1.7166,0
Q9I322,0.429218107,0.296296296,1,0,#N/A,-0.353,-0.124591,0
Q9I332,0.444263776,0.178861789,0.60704607,0.357723577,2.81,-0.114,-0.772618,0
Q9I3W9,0.498187135,0.239473684,0,0.039473684,1.03,-0.427,0.149126,0
Q9I476,0.484784147,0.21656051,0,0,1.19,-0.27,1.13216,0
Q9I4E3,0.474584427,0.267716535,0,0,-0.13,-0.453,-0.0268392,0
Q9I4X1,0.494412516,0.218390805,0,0,0.83,-0.312,-0.111277,0
Q9I4X2,0.494424814,0.229681979,0,0.035335689,-0.03,-0.342,0.4217,0
Q9I740,0.486052009,0.29787234,0.872340426,0,#N/A,-0.596,-0.966194,0
Q9I832,0.37037037,0.314393939,0.912878788,0.079545455,1.68,-0.178,0.370537,0
Q9I9C0,0.410864198,0.159259259,0.074074074,0.344444444,7.17,0.475,1.54767,0
Q9IH62,0.480214101,0.189368771,0,0.018272425,1.05,-0.126,0.686727,0
Q9IK91,0.41891553,0.287729196,0.076163611,0.014104372,3.02,-0.187,1.33096,0
Q9JI51,0.432638889,0.330357143,0,0.191964286,-0.88,-0.385,-0.122581,0
Q9JK66,0.45385902,0.219354839,0,0.025806452,1.23,-0.263,0.285936,0
Q9JLC3,,0.198275862,0.655172414,0,#N/A,-0.464,0.376647,0
Q9JM54,0.441747573,0.27184466,1,0,#N/A,-0.369,-0.936692,0
Q9JN69,0.457076023,0.247368421,0,0,-0.08,-0.342,0.68872,0
Q9JPP1,0.427478532,0.234192037,0.213114754,0.103044496,2.56,0.147,2.126,0
Q9K7N6,0.485261708,0.202479339,0,0,-0.01,-0.317,0.382626,0
Q9KHV6,0.467466027,0.237410072,0,0,2.67,-0.228,0.842159,0
Q9KJ82,0.422222222,0.328947368,1,0,#N/A,-0.58,-0.401117,0
Q9KL03,0.450289017,0.265895954,0,0,-1.02,-0.472,-0.0351376,0
Q9KMA5,0.453846154,0.230769231,0.442307692,0,#N/A,-0.403,-0.654938,0
Q9KPA2,0.494186047,0.290697674,0.744186047,0,#N/A,-0.702,-1.51409,0
Q9KRE7,0.583809524,0.107142857,0,0,-0.62,-0.183,-0.187106,0
Q9KX51,0.566970486,0.14453125,0,0.10546875,-0.54,-0.327,-0.45656,0
Q9L9I0,0.441869021,0.17218543,0,0.311258278,-0.48,-0.074,1.325,0
Q9LFG2,0.488520565,0.220994475,0,0.074585635,0.39,-0.317,0.804081,0
Q9LQT8,0.475088597,0.208255159,0,0.030018762,0.4,-0.201,0.320796,0
Q9LSX0,0.405004241,0.290076336,0.832061069,0.41221374,#N/A,-0.069,0.907092,0
Q9LUV2,0.498878695,0.23853211,0.201834862,0,#N/A,-0.541,-0.554524,0
Q9LZP9,0.434266327,0.267175573,0.763358779,0,#N/A,-0.279,-0.356375,0
Q9M2T2,0.453632479,0.288461538,0.16025641,0,-0.61,-0.511,1.20242,0
Q9M4V2,0.528609448,0.181636727,0.025948104,0.035928144,0.48,-0.299,-0.370537,0
Q9M605,0.34,0.238461538,1,0.430769231,#N/A,0.141,2.24794,0
Q9M8R4,0.509793814,0.18556701,0,0,1.22,-0.375,0.325386,0
Q9MAA7,0.477938808,0.231884058,0,0,0.9,-0.357,0.579223,0
Q9NJS1,0.459437751,0.277108434,1,0.144578313,#N/A,-0.511,-1.156,0
Q9NK80,0.442805672,0.197698745,0.042887029,0.030334728,6.55,0.136,0.825594,0
Q9NR61,0.458475264,0.186861314,0,0.071532847,4.18,-0.251,0.6782,0
Q9NRJ3,0.439632546,0.236220472,0.11023622,0.133858268,#N/A,-0.341,-0.520693,0
Q9NV23,0.461761006,0.237735849,0,0,0.52,-0.386,-0.00290771,0
Q9NWW9,0.496776406,0.209876543,0,0.271604938,0.22,-0.372,0.199244,0
Q9NX46,0.482093664,0.214876033,0,0.107438017,1.01,-0.072,0.456576,0
Q9NXG6,0.449557326,0.235059761,0.035856574,0.029880478,1.28,-0.258,0.448409,0
Q9P298,0.487317621,0.242424242,0.636363636,0,#N/A,-0.361,-1.17375,0
Q9P4R8,0.473037037,0.186666667,0,0.08,-0.4,-0.296,0.273162,0
Q9PII2,0.468040293,0.260989011,0,0.035714286,-0.73,-0.305,0.633996,0
Q9Q6P4,0.483263747,0.22400233,0,0.034080979,2.66,-0.158,1.3195,0
Q9Q8N4,0.434646962,0.344827586,0.231527094,0.118226601,-0.43,-0.54,-0.340088,0
Q9QR71,0.283387462,0.359610275,0.850310009,0.605845881,4.91,0.427,0.728986,0
Q9QR99,0.45117637,0.171561051,0,0.136012365,2.28,-0.072,-0.156559,0
Q9QUG2,0.429486176,0.284037559,0.055164319,0.014084507,0.24,-0.219,0.649286,0
Q9QWH1,0.44427451,0.145882353,0,0.230588235,3.34,0.202,0.401003,0
Q9QXT8,0.448958333,0.26953125,0,0.04296875,-0.72,-0.409,0.0821674,0
Q9R224,0.347222222,0.3671875,0.9609375,0.140625,#N/A,-0.328,0.295443,0
Q9RA57,0.467361111,0.302083333,1,0.145833333,#N/A,-0.654,0.0148979,0
Q9RC92,0.433922782,0.275862069,0,0.053050398,2.91,-0.158,1.08691,0
Q9RFD6,0.48664422,0.259259259,0,0.080808081,-0.48,-0.322,0.53845,0
Q9RJY2,0.469993895,0.14010989,0,0.145604396,4.35,-0.157,1.13398,0
Q9RQJ2,0.464208633,0.196043165,0,0.026978417,1.31,-0.089,0.639386,0
Q9RUV0,0.475076253,0.219607843,0,0,0.69,-0.241,0.860569,0
Q9RY71,0.455620533,0.280701754,0,0.064327485,-1.5,-0.362,-0.346704,0
Q9S400,0.501223003,0.236533958,0,0,0.6,-0.33,0.825349,0
Q9S446,0.41197411,0.330097087,0.053398058,0,0.19,-0.278,0.576136,0
Q9S7B5,0.484917617,0.209125475,0,0.022813688,0.44,-0.264,0.416979,0
Q9S7T8,0.494401819,0.20971867,0,0.015345269,-0.71,-0.228,0.645186,0
Q9SEL7,0.480254558,0.216718266,0,0.120743034,1.57,-0.178,0.998636,0
Q9SF21,0.487833333,0.24,0,0,-0.61,-0.509,-0.330728,0
Q9SIN5,0.439795114,0.326241135,0.765957447,0.120567376,-0.47,-0.357,0.880857,0
Q9SK39,0.435444444,0.28,1,0,#N/A,-0.313,0.713027,0
Q9SKB2,0.482457965,0.227769111,0,0.082683307,0.29,-0.188,0.640367,0
Q9SLJ2,0.292403628,0.469387755,1,0.612244898,#N/A,-0.785,3.45206,0
Q9SN68,0.485055556,0.215,0,0,-0.74,-0.198,-0.316271,0
Q9SP37,0.481260023,0.241237113,0,0.053608247,-0.22,-0.302,0.556468,0
Q9SPV4,0.485979573,0.228412256,0,0.033426184,-0.11,-0.12,0.205075,0
Q9SQQ6,0.440368179,0.224852071,0,0.053254438,0.82,0.009,0.844348,0
Q9SQZ9,0.448989899,0.255681818,0,0,-0.87,-0.46,0.237289,0
Q9SR19,0.458079683,0.276169265,0.006681514,0.033407572,1.64,-0.094,0.417665,0
Q9SSN3,0.44905303,0.284090909,0,0,-1.32,-0.492,-0.122173,0
Q9SU24,0.437255706,0.311193112,0.12300123,0.102091021,1.58,-0.281,0.670702,0
Q9SUM3,0.466979216,0.255977496,0,0.05766526,0.42,-0.322,0.571774,0
Q9SZF7,0.453693241,0.224105461,0,0.18079096,1.48,0.133,-0.0436484,0
Q9T0N8,0.506595922,0.177902622,0,0.035580524,0.88,-0.14,0.630533,0
Q9TXA6,0.424665091,0.283687943,0,0.085106383,-0.54,-0.418,0.592128,0
Q9TY14,0.416779026,0.296629213,0,0,0.23,-0.159,0.793936,0
Q9U1D9,0.427644444,0.32,1,0,#N/A,-0.454,-1.0737,0
Q9U3N4,0.509083119,0.185089974,0,0.079691517,-0.57,-0.296,-0.483383,0
Q9U4H7,0.424644946,0.30075188,0,0,#N/A,-0.369,0.781293,0
Q9U5N6,0.469152441,0.212938005,0,0,-0.36,-0.172,0.432465,0
Q9UBR1,0.467650463,0.229166667,0,0,1.25,-0.197,0.161558,0
Q9UBT3,0.441021825,0.258928571,0,0,0.15,-0.439,-0.234283,0
Q9UDX4,0.458611111,0.27,0,0,0.29,-0.304,0.548186,0
Q9UKY0,0.471212121,0.198863636,0,0,0,-0.171,-0.510859,0
Q9UMZ1,0.2889989,0.564356436,1,0.455445545,#N/A,-0.843,1.1033,0
Q9UNA0,0.454265233,0.217204301,0.015053763,0.086021505,6.39,-0.102,1.1778,0
Q9UUB7,0.424705882,0.317647059,1,0.164705882,#N/A,-0.552,-0.667794,0
Q9UXC2,0.483826165,0.286290323,0,0.064516129,-0.11,-0.373,-0.185767,0
Q9V0U0,0.456134808,0.345971564,0,0.030015798,0.27,-0.505,0.839937,0
Q9V1J7,0.477294686,0.300395257,0,0,-0.41,-0.464,0.450875,0
Q9V452,0.411269841,0.328571429,0.428571429,0.171428571,-0.96,-0.363,-0.503688,0
Q9V6K1,0.462603131,0.230395559,0,0.035392089,1.63,-0.022,1.09586,0
Q9VAN6,0.364291465,0.297101449,1,0.253623188,1.11,0.016,1.05277,0
Q9VKJ9,0.433183551,0.279411765,0.321078431,0.234068627,3.24,-0.069,0.588599,0
Q9VMC9,0.467259259,0.226666667,0,0,-0.9,-0.291,-0.236832,0
Q9VZU1,0.432245132,0.231958763,0,0,0.19,-0.316,-0.563655,0
Q9W058,0.495951766,0.217054264,0,0.027131783,0.87,-0.243,1.42362,0
Q9W1M7,0.467111579,0.239199157,0,0.064278188,1.49,-0.05,0.562495,0
Q9WBP8,0.425875604,0.192934783,0.101902174,0.027173913,2.93,0.033,1.40965,0
Q9WIK7,0.502265014,0.17065073,0.015936255,0.072377158,3.77,-0.083,0.839104,0
Q9WMX2,0.502244371,0.171096346,0.016611296,0.08372093,3.93,-0.15,0.789362,0
Q9WTL8,0.447239803,0.243670886,0.068037975,0.017405063,1.97,-0.117,0.860879,0
Q9WTY2,0.430205279,0.269794721,0.240469208,0.114369501,0.54,-0.229,0.677023,0
Q9WWP1,0.445396825,0.285714286,1,0,#N/A,-0.463,-0.27455,0
Q9WY55,0.445071685,0.338709677,0.870967742,0.185483871,#N/A,-0.63,-0.123088,0
Q9WY65,0.487301587,0.308270677,0,0,-0.88,-0.461,0.506775,0
Q9WY96,0.435396825,0.3,1,0,#N/A,-0.491,-0.0121046,0
Q9WYH8,0.486817883,0.275147929,0,0.035502959,-0.33,-0.363,0.678232,0
Q9X0C6,0.505709267,0.276679842,0,0.055335968,-1.03,-0.419,0.526639,0
Q9X0C7,0.484094053,0.31120332,0,0,-1.14,-0.568,0.543138,0
Q9X0C8,0.467827529,0.288557214,0,0,0.14,-0.458,0.854737,0
Q9X0D0,0.463681592,0.31641791,0,0.03880597,-0.23,-0.416,0.170787,0
Q9X0D3,0.478343434,0.290909091,0,0,0.8,-0.431,0.266105,0
Q9X0H0,0.517305801,0.265486726,0,0,#N/A,-0.552,-0.436974,0
Q9X0P5,0.512438545,0.238938053,0,0.07079646,-0.09,-0.326,0.936545,0
Q9X0Q3,0.483913765,0.323383085,0,0.07960199,-1.03,-0.664,-0.233172,0
Q9X0X1,0.438075881,0.402439024,1,0,#N/A,-0.792,-0.639795,0
Q9X0Y1,0.472016461,0.342592593,0,0.060185185,-0.42,-0.629,0.0863003,0
Q9X100,0.441240203,0.329875519,0,0.039419087,-0.09,-0.326,0.439783,0
Q9X1F5,0.488989899,0.3,0.054545455,0,#N/A,-0.539,-0.417126,0
Q9X1V3,0.530824373,0.2,0,0.064516129,-0.06,-0.39,0.216086,0
Q9X1X7,0.478113348,0.298657718,0,0,-0.66,-0.55,-0.143866,0
Q9X220,0.470847652,0.298969072,0,0,-0.18,-0.47,0.825741,0
Q9X287,0.497088971,0.245387454,0,0.05904059,1.28,-0.339,1.02044,0
Q9X2A4,0.515248227,0.24822695,0,0.042553191,-0.92,-0.435,1.11927,0
Q9X2H9,0.477925926,0.275555556,0,0,0.08,-0.545,0.184297,0
Q9X8U3,0.431658291,0.201005025,0.326633166,0.35678392,12.09,0.32,3.86489,0
Q9XES8,0.3917603,0.247191011,1,0,#N/A,-0.15,-0.0164661,0
Q9XHH2,0.47037037,0.287878788,0,0.075757576,-1.65,-0.44,-0.130014,0
Q9XJR1,0.496325459,0.244094488,0,0,#N/A,-0.356,-0.277344,0
Q9XJR3,0.45708126,0.256716418,0,0.03880597,0.18,-0.368,0.956409,0
Q9XTN4,0.395138889,0.167613636,0.103693182,0.450284091,6.87,0.342,0.379865,0
Q9XTW2,0.426822917,0.275390625,0.05859375,0.03515625,1.07,-0.238,0.441417,0
Q9XTY3,0.42764613,0.27014218,0.199052133,0,-0.6,-0.381,0.51754,0
Q9XWG3,0.459146716,0.270718232,0.099447514,0.052486188,0.2,-0.367,0.418449,0
Q9Y5C1,0.417898551,0.260869565,0,0.039130435,2.08,-0.23,0.784037,0
Q9Y5P4,0.428739316,0.27724359,0.030448718,0.038461538,0.57,-0.229,0.649073,0
Q9Y653,0.515776816,0.151515152,0.008658009,0.076479076,0.83,-0.224,-0.355623,0
Q9Y6J6,0.472809395,0.219512195,0,0,#N/A,-0.379,-1.05808,0
Q9Y7M4,0.464994026,0.344086022,1,0,#N/A,-0.745,-0.832766,0
Q9YGA6,0.49411589,0.274193548,0,0,0.57,-0.252,0.65056,0
Q9YGY0,0.404407495,0.2695962,0.064133017,0.073634204,2.95,-0.146,1.18589,0
Q9YIJ1,0.422160835,0.187845304,0.081491713,0.016574586,1.69,0.088,1.49519,0
Q9Z0U4,0.475580222,0.219979818,0.053481332,0.136226034,1.57,-0.179,0.63986,0
Q9Z8L4,0.448008911,0.245614035,0.210526316,0.137844612,-0.73,-0.164,0.446203,0
Q9ZEE0,0.462010582,0.276190476,0.761904762,0,#N/A,-0.551,-0.622888,0
Q9ZL45,0.488194444,0.238636364,0,0,-1.08,-0.391,-0.426862,0
Q9ZLR7,0.418655693,0.345679012,1,0,#N/A,-0.62,-0.104318,0
Q9ZLT0,0.52043573,0.2,0,0.098039216,-0.03,-0.373,-0.363333,0
S6AWC2,0.413150492,0.335443038,1,0.405063291,-0.23,-0.475,1.34508,0
S6B291,0.465546018,0.180257511,0,0.032188841,1.27,-0.21,0.504455,0
S7W634,0.479502607,0.239470517,0,0,-0.02,-0.173,0.666781,0
