,mod,pu
RF,0.7263124999999999,0.7964999999999999
LGB,0.679125,0.7855
DT,0.7499375,0.7840624999999999
SVM,0.51075,0.6784375
NB,0.6321875,0.6667500000000001
MLP,0.5181874999999999,0.6745625000000002
