,mod,pu
RF,0.6252228480075638,0.7871349645852613
LGB,0.5276758352921787,0.7849513206990888
DT,0.6665554628857382,0.7493636050398566
SVM,0.04098800018031028,0.6650561175303741
NB,0.4613918854267446,0.6048145067515607
MLP,0.06366242923710028,0.6602199178185387
