,mod,pu
RF,0.6234737710184916,0.7838952803879481
LGB,0.5288901266961208,0.7812847585068574
DT,0.6665554628857382,0.7538162186897901
SVM,0.043571484895914114,0.6458512448370991
NB,0.45955434131976836,0.5942123453810616
MLP,0.07706490194592122,0.6575094104407795
