,At,Br,Cr,Os,Pp,Sl,Ta,Zm
0,0.7177664974619289,0.7023305084745762,0.7631578947368421,0.6678832116788321,0.660958904109589,0.7189922480620154,0.6951612903225807,0.6584158415841584
