,Hydropathy,FCR,IDR,LCR,Pscore,PLAAC,catGRANULE
0,0.7425,0.46875,0.51375,0.64875,0.52375,0.48125,0.69625
