,mod,pu
RF,0.45325000000000004,0.738125
LGB,0.360375,0.7662500000000001
DT,0.499875,0.6612500000000001
SVM,0.022500000000000003,0.591625
NB,0.313,0.4891249999999999
MLP,0.040624999999999994,0.6260000000000001
