,mod,pu
RF,0.45512500000000006,0.747875
LGB,0.359375,0.774125
DT,0.499875,0.6606250000000001
SVM,0.021500000000000002,0.6385000000000001
NB,0.315125,0.510125
MLP,0.03325,0.63175
