,TPR,F1score
F1_lgb,0.602,0.6049877518224893
F7_lgb,0.7055,0.7332591904298296
F8_lgb,0.7178,0.7375831941440144
F8_pu,0.7655999999999997,0.7503621162899512
