,TPR,F1score
F1_lgb,0.6194999999999999,0.5830124706898141
F7_lgb,0.7265999999999999,0.7476098065088983
F8_lgb,0.7645000000000001,0.7792239263024179
F8_pu,0.8028,0.785412069402788
