,lgb,pu
F1_score,0.6599514709130287,0.7901940700679603
Accuracy,0.7462500000000001,0.752125
Recall,0.4925,0.933
