,LGB,PU_lgb
0,0.7245657568238213,0.7298814722395508
1,0.7232472324723247,0.7294264339152119
2,0.7217766810610735,0.7374371859296482
3,0.7251389746757259,0.7274984481688391
4,0.7232198142414861,0.7266009852216749
