,lgb,pu
Recall,0.42662500000000003,0.9870000000000001
F1_score,0.5973971713917375,0.7375479546719771
Accuracy,0.7126250000000001,0.6485624999999999
